-- UK Audit Tool Sample Data Export
-- Generated: 2026-03-20T03:53:49.472Z
-- This file contains INSERT statements compatible with PostgreSQL


-- Users (12 records)
INSERT INTO users (user_id, first_name, last_name, email, badge_number, department_id, primary_user_group, is_active) VALUES (35013421476, 'John', 'Supervisor', 'john.supervisor@example.com', '2S1', 12345, 'SUPERVISOR', true);
INSERT INTO users (user_id, first_name, last_name, email, badge_number, department_id, primary_user_group, is_active) VALUES (35013475061, 'Brad', 'Fullwood', 'brad.fullwood@example.com', '1P1', 35013420755, 'MARK43_INTERNAL', true);
INSERT INTO users (user_id, first_name, last_name, email, badge_number, department_id, primary_user_group, is_active) VALUES (35013500000, 'Sarah', 'Martinez', 'sarah.martinez@agency.gov', '3D1', 35013449721, 'INVESTIGATOR', true);
INSERT INTO users (user_id, first_name, last_name, email, badge_number, department_id, primary_user_group, is_active) VALUES (35013500001, 'Michael', 'Thompson', 'michael.thompson@agency.gov', '4I1', 35013449721, 'INVESTIGATOR', true);
INSERT INTO users (user_id, first_name, last_name, email, badge_number, department_id, primary_user_group, is_active) VALUES (35013500002, 'Jennifer', 'Anderson', 'jennifer.anderson@agency.gov', '5R1', 35013449721, 'INVESTIGATOR', true);
INSERT INTO users (user_id, first_name, last_name, email, badge_number, department_id, primary_user_group, is_active) VALUES (35013500003, 'David', 'Wilson', 'david.wilson@agency.gov', '6P1', 35013449721, 'INVESTIGATOR', true);
INSERT INTO users (user_id, first_name, last_name, email, badge_number, department_id, primary_user_group, is_active) VALUES (35013500004, 'Emily', 'Brown', 'emily.brown@agency.gov', '7S1', 35013449721, 'INVESTIGATOR', true);
INSERT INTO users (user_id, first_name, last_name, email, badge_number, department_id, primary_user_group, is_active) VALUES (35013500005, 'James', 'Davis', 'james.davis@agency.gov', '8I1', 35013449721, 'INVESTIGATOR', true);
INSERT INTO users (user_id, first_name, last_name, email, badge_number, department_id, primary_user_group, is_active) VALUES (35013500006, 'Linda', 'Garcia', 'linda.garcia@agency.gov', '9D1', 35013449721, 'INVESTIGATOR', true);
INSERT INTO users (user_id, first_name, last_name, email, badge_number, department_id, primary_user_group, is_active) VALUES (35013500007, 'Robert', 'Miller', 'robert.miller@agency.gov', '10P1', 35013449721, 'INVESTIGATOR', true);
INSERT INTO users (user_id, first_name, last_name, email, badge_number, department_id, primary_user_group, is_active) VALUES (35013500008, 'Patricia', 'Rodriguez', 'patricia.rodriguez@agency.gov', '11S1', 35013449721, 'INVESTIGATOR', true);
INSERT INTO users (user_id, first_name, last_name, email, badge_number, department_id, primary_user_group, is_active) VALUES (35013500009, 'Christopher', 'Lee', 'christopher.lee@agency.gov', '12I1', 35013449721, 'INVESTIGATOR', true);

-- Report Metadata (14 records)
INSERT INTO report_metadata (report_id, report_type) VALUES (54713608189, 'Offense Report');
INSERT INTO report_metadata (report_id, report_type) VALUES (54713700000, 'Offense Report');
INSERT INTO report_metadata (report_id, report_type) VALUES (54713700001, 'Offense Report');
INSERT INTO report_metadata (report_id, report_type) VALUES (54713700002, 'Property Evidence Summary');
INSERT INTO report_metadata (report_id, report_type) VALUES (54713700003, 'Property Evidence Summary');
INSERT INTO report_metadata (report_id, report_type) VALUES (54713700004, 'Property Evidence Summary');
INSERT INTO report_metadata (report_id, report_type) VALUES (54713700005, 'Offense Report');
INSERT INTO report_metadata (report_id, report_type) VALUES (54713700006, 'Property Evidence Summary');
INSERT INTO report_metadata (report_id, report_type) VALUES (54713700007, 'Offense Report');
INSERT INTO report_metadata (report_id, report_type) VALUES (54713700008, 'Property Evidence Summary');
INSERT INTO report_metadata (report_id, report_type) VALUES (54713700009, 'Property Evidence Summary');
INSERT INTO report_metadata (report_id, report_type) VALUES (56402486782, 'Property Evidence Summary');
INSERT INTO report_metadata (report_id, report_type) VALUES (60804620097, 'Offense Report');
INSERT INTO report_metadata (report_id, report_type) VALUES (62993433400, 'Offense Report');

-- Usage Logs (290 records)
INSERT INTO usage_logs (user_id, usage_log_date_utc, action, primary_entity_type, primary_entity_id, primary_entity_title, ip_address) VALUES (35013475061, '2026-03-18T20:03:10.000Z', 'VIEWED_REPORT', 'REPORT', 60804620097, '240079 Offense/Incident Report: Simple Assault (13B)', '3.30.99.89');
INSERT INTO usage_logs (user_id, usage_log_date_utc, action, primary_entity_type, primary_entity_id, primary_entity_title, ip_address) VALUES (35013475061, '2026-03-20T02:10:40.000Z', 'LOGGED_IN', 'USER', 35013475061, 'Logging in user - brad.fullwood@mark43.com', '3.30.99.89');
INSERT INTO usage_logs (user_id, usage_log_date_utc, action, primary_entity_type, primary_entity_id, primary_entity_title, ip_address) VALUES (35013475061, '2026-03-20T02:10:44.000Z', 'VIEWED_PERSONAL_DASHBOARD', 'REPORT', 0, NULL, '3.30.99.89');
INSERT INTO usage_logs (user_id, usage_log_date_utc, action, primary_entity_type, primary_entity_id, primary_entity_title, ip_address) VALUES (35013475061, '2026-03-20T02:14:08.000Z', 'VIEWED_USAGE_LOGS', 'USER', 35013475061, 'Viewed usage logs', '127.0.0.6');
INSERT INTO usage_logs (user_id, usage_log_date_utc, action, primary_entity_type, primary_entity_id, primary_entity_title, ip_address) VALUES (35013500000, '2026-01-07T11:10:40.025Z', 'VIEWED_REPORT', 'REPORT', 60804620097, '240079 Offense/Incident Report: Simple Assault (13B)', '3.30.99.132');
INSERT INTO usage_logs (user_id, usage_log_date_utc, action, primary_entity_type, primary_entity_id, primary_entity_title, ip_address) VALUES (35013500000, '2026-02-25T14:52:40.026Z', 'VIEWED_REPORT', 'REPORT', 60804620097, '240079 Offense/Incident Report: Simple Assault (13B)', '3.30.99.161');
INSERT INTO usage_logs (user_id, usage_log_date_utc, action, primary_entity_type, primary_entity_id, primary_entity_title, ip_address) VALUES (35013500000, '2026-01-28T19:10:40.026Z', 'VIEWED_USAGE_LOGS', 'USER', 35013475061, 'Viewed usage logs', '127.0.0.202');
INSERT INTO usage_logs (user_id, usage_log_date_utc, action, primary_entity_type, primary_entity_id, primary_entity_title, ip_address) VALUES (35013500000, '2026-03-08T13:16:40.026Z', 'LOGGED_IN', 'USER', 35013475061, 'Logging in user - brad.fullwood@mark43.com', '3.30.99.200');
INSERT INTO usage_logs (user_id, usage_log_date_utc, action, primary_entity_type, primary_entity_id, primary_entity_title, ip_address) VALUES (35013500000, '2026-02-20T10:01:40.027Z', 'VIEWED_PERSONAL_DASHBOARD', 'REPORT', 0, NULL, '3.30.99.93');
INSERT INTO usage_logs (user_id, usage_log_date_utc, action, primary_entity_type, primary_entity_id, primary_entity_title, ip_address) VALUES (35013500000, '2026-01-25T22:57:40.027Z', 'VIEWED_PERSONAL_DASHBOARD', 'REPORT', 0, NULL, '3.30.99.177');
INSERT INTO usage_logs (user_id, usage_log_date_utc, action, primary_entity_type, primary_entity_id, primary_entity_title, ip_address) VALUES (35013500000, '2026-02-06T09:10:40.027Z', 'VIEWED_PERSONAL_DASHBOARD', 'REPORT', 0, NULL, '3.30.99.157');
INSERT INTO usage_logs (user_id, usage_log_date_utc, action, primary_entity_type, primary_entity_id, primary_entity_title, ip_address) VALUES (35013500000, '2026-03-02T10:37:40.028Z', 'VIEWED_USAGE_LOGS', 'USER', 35013475061, 'Viewed usage logs', '127.0.0.79');
INSERT INTO usage_logs (user_id, usage_log_date_utc, action, primary_entity_type, primary_entity_id, primary_entity_title, ip_address) VALUES (35013500000, '2026-03-02T05:58:40.028Z', 'VIEWED_USAGE_LOGS', 'USER', 35013475061, 'Viewed usage logs', '127.0.0.220');
INSERT INTO usage_logs (user_id, usage_log_date_utc, action, primary_entity_type, primary_entity_id, primary_entity_title, ip_address) VALUES (35013500000, '2026-02-17T13:49:40.028Z', 'VIEWED_PERSONAL_DASHBOARD', 'REPORT', 0, NULL, '3.30.99.127');
INSERT INTO usage_logs (user_id, usage_log_date_utc, action, primary_entity_type, primary_entity_id, primary_entity_title, ip_address) VALUES (35013500000, '2026-03-16T13:56:40.029Z', 'VIEWED_USAGE_LOGS', 'USER', 35013475061, 'Viewed usage logs', '127.0.0.221');
INSERT INTO usage_logs (user_id, usage_log_date_utc, action, primary_entity_type, primary_entity_id, primary_entity_title, ip_address) VALUES (35013500000, '2026-02-12T12:05:40.029Z', 'VIEWED_PERSONAL_DASHBOARD', 'REPORT', 0, NULL, '3.30.99.158');
INSERT INTO usage_logs (user_id, usage_log_date_utc, action, primary_entity_type, primary_entity_id, primary_entity_title, ip_address) VALUES (35013500000, '2026-01-07T10:21:40.030Z', 'VIEWED_REPORT', 'REPORT', 60804620097, '240079 Offense/Incident Report: Simple Assault (13B)', '3.30.99.79');
INSERT INTO usage_logs (user_id, usage_log_date_utc, action, primary_entity_type, primary_entity_id, primary_entity_title, ip_address) VALUES (35013500001, '2026-02-16T13:19:40.035Z', 'LOGGED_IN', 'USER', 35013475061, 'Logging in user - brad.fullwood@mark43.com', '3.30.99.16');
INSERT INTO usage_logs (user_id, usage_log_date_utc, action, primary_entity_type, primary_entity_id, primary_entity_title, ip_address) VALUES (35013500001, '2026-01-23T15:57:40.035Z', 'VIEWED_REPORT', 'REPORT', 60804620097, '240079 Offense/Incident Report: Simple Assault (13B)', '3.30.99.81');
INSERT INTO usage_logs (user_id, usage_log_date_utc, action, primary_entity_type, primary_entity_id, primary_entity_title, ip_address) VALUES (35013500001, '2025-12-24T00:56:40.036Z', 'VIEWED_PERSONAL_DASHBOARD', 'REPORT', 0, NULL, '3.30.99.190');
INSERT INTO usage_logs (user_id, usage_log_date_utc, action, primary_entity_type, primary_entity_id, primary_entity_title, ip_address) VALUES (35013500001, '2026-03-05T01:11:40.036Z', 'VIEWED_REPORT', 'REPORT', 60804620097, '240079 Offense/Incident Report: Simple Assault (13B)', '3.30.99.63');
INSERT INTO usage_logs (user_id, usage_log_date_utc, action, primary_entity_type, primary_entity_id, primary_entity_title, ip_address) VALUES (35013500001, '2026-01-13T23:12:40.036Z', 'VIEWED_REPORT', 'REPORT', 60804620097, '240079 Offense/Incident Report: Simple Assault (13B)', '3.30.99.107');
INSERT INTO usage_logs (user_id, usage_log_date_utc, action, primary_entity_type, primary_entity_id, primary_entity_title, ip_address) VALUES (35013500001, '2026-02-28T06:37:40.037Z', 'VIEWED_PERSONAL_DASHBOARD', 'REPORT', 0, NULL, '3.30.99.53');
INSERT INTO usage_logs (user_id, usage_log_date_utc, action, primary_entity_type, primary_entity_id, primary_entity_title, ip_address) VALUES (35013500001, '2026-02-10T05:59:40.037Z', 'VIEWED_REPORT', 'REPORT', 60804620097, '240079 Offense/Incident Report: Simple Assault (13B)', '3.30.99.101');
INSERT INTO usage_logs (user_id, usage_log_date_utc, action, primary_entity_type, primary_entity_id, primary_entity_title, ip_address) VALUES (35013500001, '2026-03-15T00:56:40.037Z', 'LOGGED_IN', 'USER', 35013475061, 'Logging in user - brad.fullwood@mark43.com', '3.30.99.67');
INSERT INTO usage_logs (user_id, usage_log_date_utc, action, primary_entity_type, primary_entity_id, primary_entity_title, ip_address) VALUES (35013500001, '2026-02-18T19:12:40.038Z', 'VIEWED_USAGE_LOGS', 'USER', 35013475061, 'Viewed usage logs', '127.0.0.101');
INSERT INTO usage_logs (user_id, usage_log_date_utc, action, primary_entity_type, primary_entity_id, primary_entity_title, ip_address) VALUES (35013500001, '2026-02-25T00:52:40.038Z', 'VIEWED_USAGE_LOGS', 'USER', 35013475061, 'Viewed usage logs', '127.0.0.69');
INSERT INTO usage_logs (user_id, usage_log_date_utc, action, primary_entity_type, primary_entity_id, primary_entity_title, ip_address) VALUES (35013500002, '2026-01-22T11:28:40.043Z', 'VIEWED_PERSONAL_DASHBOARD', 'REPORT', 0, NULL, '3.30.99.23');
INSERT INTO usage_logs (user_id, usage_log_date_utc, action, primary_entity_type, primary_entity_id, primary_entity_title, ip_address) VALUES (35013500002, '2026-02-23T08:40:40.043Z', 'VIEWED_PERSONAL_DASHBOARD', 'REPORT', 0, NULL, '3.30.99.246');
INSERT INTO usage_logs (user_id, usage_log_date_utc, action, primary_entity_type, primary_entity_id, primary_entity_title, ip_address) VALUES (35013500002, '2026-01-03T05:12:40.043Z', 'VIEWED_PERSONAL_DASHBOARD', 'REPORT', 0, NULL, '3.30.99.91');
INSERT INTO usage_logs (user_id, usage_log_date_utc, action, primary_entity_type, primary_entity_id, primary_entity_title, ip_address) VALUES (35013500002, '2026-03-15T11:51:40.043Z', 'LOGGED_IN', 'USER', 35013475061, 'Logging in user - brad.fullwood@mark43.com', '3.30.99.16');
INSERT INTO usage_logs (user_id, usage_log_date_utc, action, primary_entity_type, primary_entity_id, primary_entity_title, ip_address) VALUES (35013500002, '2026-01-20T23:56:40.044Z', 'LOGGED_IN', 'USER', 35013475061, 'Logging in user - brad.fullwood@mark43.com', '3.30.99.93');
INSERT INTO usage_logs (user_id, usage_log_date_utc, action, primary_entity_type, primary_entity_id, primary_entity_title, ip_address) VALUES (35013500002, '2025-12-23T18:36:40.044Z', 'VIEWED_REPORT', 'REPORT', 60804620097, '240079 Offense/Incident Report: Simple Assault (13B)', '3.30.99.206');
INSERT INTO usage_logs (user_id, usage_log_date_utc, action, primary_entity_type, primary_entity_id, primary_entity_title, ip_address) VALUES (35013500002, '2026-02-26T21:21:40.044Z', 'LOGGED_IN', 'USER', 35013475061, 'Logging in user - brad.fullwood@mark43.com', '3.30.99.208');
INSERT INTO usage_logs (user_id, usage_log_date_utc, action, primary_entity_type, primary_entity_id, primary_entity_title, ip_address) VALUES (35013500003, '2025-12-26T10:34:40.048Z', 'VIEWED_PERSONAL_DASHBOARD', 'REPORT', 0, NULL, '3.30.99.97');
INSERT INTO usage_logs (user_id, usage_log_date_utc, action, primary_entity_type, primary_entity_id, primary_entity_title, ip_address) VALUES (35013500003, '2026-02-28T11:36:40.048Z', 'VIEWED_PERSONAL_DASHBOARD', 'REPORT', 0, NULL, '3.30.99.186');
INSERT INTO usage_logs (user_id, usage_log_date_utc, action, primary_entity_type, primary_entity_id, primary_entity_title, ip_address) VALUES (35013500003, '2026-02-03T00:06:40.048Z', 'LOGGED_IN', 'USER', 35013475061, 'Logging in user - brad.fullwood@mark43.com', '3.30.99.233');
INSERT INTO usage_logs (user_id, usage_log_date_utc, action, primary_entity_type, primary_entity_id, primary_entity_title, ip_address) VALUES (35013500003, '2026-01-05T01:34:40.049Z', 'LOGGED_IN', 'USER', 35013475061, 'Logging in user - brad.fullwood@mark43.com', '3.30.99.136');
INSERT INTO usage_logs (user_id, usage_log_date_utc, action, primary_entity_type, primary_entity_id, primary_entity_title, ip_address) VALUES (35013500003, '2026-01-09T16:25:40.049Z', 'VIEWED_USAGE_LOGS', 'USER', 35013475061, 'Viewed usage logs', '127.0.0.56');
INSERT INTO usage_logs (user_id, usage_log_date_utc, action, primary_entity_type, primary_entity_id, primary_entity_title, ip_address) VALUES (35013500003, '2026-03-09T04:51:40.049Z', 'VIEWED_REPORT', 'REPORT', 60804620097, '240079 Offense/Incident Report: Simple Assault (13B)', '3.30.99.189');
INSERT INTO usage_logs (user_id, usage_log_date_utc, action, primary_entity_type, primary_entity_id, primary_entity_title, ip_address) VALUES (35013500004, '2026-03-11T13:24:40.052Z', 'LOGGED_IN', 'USER', 35013475061, 'Logging in user - brad.fullwood@mark43.com', '3.30.99.154');
INSERT INTO usage_logs (user_id, usage_log_date_utc, action, primary_entity_type, primary_entity_id, primary_entity_title, ip_address) VALUES (35013500004, '2026-02-15T11:51:40.053Z', 'VIEWED_PERSONAL_DASHBOARD', 'REPORT', 0, NULL, '3.30.99.61');
INSERT INTO usage_logs (user_id, usage_log_date_utc, action, primary_entity_type, primary_entity_id, primary_entity_title, ip_address) VALUES (35013500004, '2026-02-23T22:15:40.053Z', 'LOGGED_IN', 'USER', 35013475061, 'Logging in user - brad.fullwood@mark43.com', '3.30.99.213');
INSERT INTO usage_logs (user_id, usage_log_date_utc, action, primary_entity_type, primary_entity_id, primary_entity_title, ip_address) VALUES (35013500004, '2026-01-10T02:52:40.053Z', 'VIEWED_REPORT', 'REPORT', 60804620097, '240079 Offense/Incident Report: Simple Assault (13B)', '3.30.99.189');
INSERT INTO usage_logs (user_id, usage_log_date_utc, action, primary_entity_type, primary_entity_id, primary_entity_title, ip_address) VALUES (35013500004, '2026-02-21T21:03:40.053Z', 'VIEWED_PERSONAL_DASHBOARD', 'REPORT', 0, NULL, '3.30.99.63');
INSERT INTO usage_logs (user_id, usage_log_date_utc, action, primary_entity_type, primary_entity_id, primary_entity_title, ip_address) VALUES (35013500004, '2026-03-12T20:18:40.054Z', 'VIEWED_REPORT', 'REPORT', 60804620097, '240079 Offense/Incident Report: Simple Assault (13B)', '3.30.99.29');
INSERT INTO usage_logs (user_id, usage_log_date_utc, action, primary_entity_type, primary_entity_id, primary_entity_title, ip_address) VALUES (35013500004, '2026-02-28T23:13:40.054Z', 'LOGGED_IN', 'USER', 35013475061, 'Logging in user - brad.fullwood@mark43.com', '3.30.99.120');
INSERT INTO usage_logs (user_id, usage_log_date_utc, action, primary_entity_type, primary_entity_id, primary_entity_title, ip_address) VALUES (35013500004, '2026-02-07T08:03:40.054Z', 'LOGGED_IN', 'USER', 35013475061, 'Logging in user - brad.fullwood@mark43.com', '3.30.99.19');
INSERT INTO usage_logs (user_id, usage_log_date_utc, action, primary_entity_type, primary_entity_id, primary_entity_title, ip_address) VALUES (35013500004, '2025-12-31T06:59:40.054Z', 'VIEWED_REPORT', 'REPORT', 60804620097, '240079 Offense/Incident Report: Simple Assault (13B)', '3.30.99.3');
INSERT INTO usage_logs (user_id, usage_log_date_utc, action, primary_entity_type, primary_entity_id, primary_entity_title, ip_address) VALUES (35013500004, '2026-01-16T16:53:40.055Z', 'VIEWED_PERSONAL_DASHBOARD', 'REPORT', 0, NULL, '3.30.99.121');
INSERT INTO usage_logs (user_id, usage_log_date_utc, action, primary_entity_type, primary_entity_id, primary_entity_title, ip_address) VALUES (35013500004, '2026-03-03T19:17:40.055Z', 'VIEWED_USAGE_LOGS', 'USER', 35013475061, 'Viewed usage logs', '127.0.0.153');
INSERT INTO usage_logs (user_id, usage_log_date_utc, action, primary_entity_type, primary_entity_id, primary_entity_title, ip_address) VALUES (35013500004, '2026-03-10T16:47:40.055Z', 'LOGGED_IN', 'USER', 35013475061, 'Logging in user - brad.fullwood@mark43.com', '3.30.99.124');
INSERT INTO usage_logs (user_id, usage_log_date_utc, action, primary_entity_type, primary_entity_id, primary_entity_title, ip_address) VALUES (35013500005, '2026-02-27T19:03:40.058Z', 'VIEWED_USAGE_LOGS', 'USER', 35013475061, 'Viewed usage logs', '127.0.0.245');
INSERT INTO usage_logs (user_id, usage_log_date_utc, action, primary_entity_type, primary_entity_id, primary_entity_title, ip_address) VALUES (35013500005, '2026-03-02T13:29:40.058Z', 'VIEWED_USAGE_LOGS', 'USER', 35013475061, 'Viewed usage logs', '127.0.0.182');
INSERT INTO usage_logs (user_id, usage_log_date_utc, action, primary_entity_type, primary_entity_id, primary_entity_title, ip_address) VALUES (35013500005, '2025-12-30T01:59:40.059Z', 'LOGGED_IN', 'USER', 35013475061, 'Logging in user - brad.fullwood@mark43.com', '3.30.99.179');
INSERT INTO usage_logs (user_id, usage_log_date_utc, action, primary_entity_type, primary_entity_id, primary_entity_title, ip_address) VALUES (35013500005, '2026-02-02T05:51:40.059Z', 'VIEWED_PERSONAL_DASHBOARD', 'REPORT', 0, NULL, '3.30.99.162');
INSERT INTO usage_logs (user_id, usage_log_date_utc, action, primary_entity_type, primary_entity_id, primary_entity_title, ip_address) VALUES (35013500005, '2026-03-10T16:47:40.059Z', 'VIEWED_USAGE_LOGS', 'USER', 35013475061, 'Viewed usage logs', '127.0.0.201');
INSERT INTO usage_logs (user_id, usage_log_date_utc, action, primary_entity_type, primary_entity_id, primary_entity_title, ip_address) VALUES (35013500005, '2026-03-16T06:41:40.060Z', 'LOGGED_IN', 'USER', 35013475061, 'Logging in user - brad.fullwood@mark43.com', '3.30.99.53');
INSERT INTO usage_logs (user_id, usage_log_date_utc, action, primary_entity_type, primary_entity_id, primary_entity_title, ip_address) VALUES (35013500005, '2026-01-27T18:03:40.060Z', 'LOGGED_IN', 'USER', 35013475061, 'Logging in user - brad.fullwood@mark43.com', '3.30.99.78');
INSERT INTO usage_logs (user_id, usage_log_date_utc, action, primary_entity_type, primary_entity_id, primary_entity_title, ip_address) VALUES (35013500005, '2025-12-29T14:10:40.060Z', 'VIEWED_USAGE_LOGS', 'USER', 35013475061, 'Viewed usage logs', '127.0.0.54');
INSERT INTO usage_logs (user_id, usage_log_date_utc, action, primary_entity_type, primary_entity_id, primary_entity_title, ip_address) VALUES (35013500006, '2025-12-21T21:21:40.064Z', 'VIEWED_PERSONAL_DASHBOARD', 'REPORT', 0, NULL, '3.30.99.19');
INSERT INTO usage_logs (user_id, usage_log_date_utc, action, primary_entity_type, primary_entity_id, primary_entity_title, ip_address) VALUES (35013500006, '2026-01-29T21:23:40.065Z', 'VIEWED_USAGE_LOGS', 'USER', 35013475061, 'Viewed usage logs', '127.0.0.132');
INSERT INTO usage_logs (user_id, usage_log_date_utc, action, primary_entity_type, primary_entity_id, primary_entity_title, ip_address) VALUES (35013500006, '2026-03-14T01:21:40.065Z', 'LOGGED_IN', 'USER', 35013475061, 'Logging in user - brad.fullwood@mark43.com', '3.30.99.217');
INSERT INTO usage_logs (user_id, usage_log_date_utc, action, primary_entity_type, primary_entity_id, primary_entity_title, ip_address) VALUES (35013500006, '2025-12-27T09:50:40.065Z', 'VIEWED_REPORT', 'REPORT', 60804620097, '240079 Offense/Incident Report: Simple Assault (13B)', '3.30.99.171');
INSERT INTO usage_logs (user_id, usage_log_date_utc, action, primary_entity_type, primary_entity_id, primary_entity_title, ip_address) VALUES (35013500006, '2026-02-12T11:16:40.066Z', 'VIEWED_REPORT', 'REPORT', 60804620097, '240079 Offense/Incident Report: Simple Assault (13B)', '3.30.99.185');
INSERT INTO usage_logs (user_id, usage_log_date_utc, action, primary_entity_type, primary_entity_id, primary_entity_title, ip_address) VALUES (35013500006, '2025-12-30T19:26:40.066Z', 'VIEWED_REPORT', 'REPORT', 60804620097, '240079 Offense/Incident Report: Simple Assault (13B)', '3.30.99.202');
INSERT INTO usage_logs (user_id, usage_log_date_utc, action, primary_entity_type, primary_entity_id, primary_entity_title, ip_address) VALUES (35013500006, '2026-03-12T05:02:40.066Z', 'LOGGED_IN', 'USER', 35013475061, 'Logging in user - brad.fullwood@mark43.com', '3.30.99.2');
INSERT INTO usage_logs (user_id, usage_log_date_utc, action, primary_entity_type, primary_entity_id, primary_entity_title, ip_address) VALUES (35013500006, '2026-01-20T23:09:40.067Z', 'LOGGED_IN', 'USER', 35013475061, 'Logging in user - brad.fullwood@mark43.com', '3.30.99.87');
INSERT INTO usage_logs (user_id, usage_log_date_utc, action, primary_entity_type, primary_entity_id, primary_entity_title, ip_address) VALUES (35013500006, '2026-02-07T08:31:40.067Z', 'VIEWED_USAGE_LOGS', 'USER', 35013475061, 'Viewed usage logs', '127.0.0.5');
INSERT INTO usage_logs (user_id, usage_log_date_utc, action, primary_entity_type, primary_entity_id, primary_entity_title, ip_address) VALUES (35013500006, '2026-02-11T15:43:40.067Z', 'VIEWED_PERSONAL_DASHBOARD', 'REPORT', 0, NULL, '3.30.99.99');
INSERT INTO usage_logs (user_id, usage_log_date_utc, action, primary_entity_type, primary_entity_id, primary_entity_title, ip_address) VALUES (35013500006, '2026-01-08T17:58:40.067Z', 'LOGGED_IN', 'USER', 35013475061, 'Logging in user - brad.fullwood@mark43.com', '3.30.99.134');
INSERT INTO usage_logs (user_id, usage_log_date_utc, action, primary_entity_type, primary_entity_id, primary_entity_title, ip_address) VALUES (35013500007, '2026-01-29T13:36:40.070Z', 'LOGGED_IN', 'USER', 35013475061, 'Logging in user - brad.fullwood@mark43.com', '3.30.99.183');
INSERT INTO usage_logs (user_id, usage_log_date_utc, action, primary_entity_type, primary_entity_id, primary_entity_title, ip_address) VALUES (35013500007, '2026-01-30T20:58:40.070Z', 'VIEWED_PERSONAL_DASHBOARD', 'REPORT', 0, NULL, '3.30.99.147');
INSERT INTO usage_logs (user_id, usage_log_date_utc, action, primary_entity_type, primary_entity_id, primary_entity_title, ip_address) VALUES (35013500007, '2026-03-07T21:18:40.070Z', 'VIEWED_REPORT', 'REPORT', 60804620097, '240079 Offense/Incident Report: Simple Assault (13B)', '3.30.99.227');
INSERT INTO usage_logs (user_id, usage_log_date_utc, action, primary_entity_type, primary_entity_id, primary_entity_title, ip_address) VALUES (35013500007, '2026-01-28T06:17:40.070Z', 'VIEWED_REPORT', 'REPORT', 60804620097, '240079 Offense/Incident Report: Simple Assault (13B)', '3.30.99.74');
INSERT INTO usage_logs (user_id, usage_log_date_utc, action, primary_entity_type, primary_entity_id, primary_entity_title, ip_address) VALUES (35013500007, '2026-02-23T14:24:40.071Z', 'VIEWED_REPORT', 'REPORT', 60804620097, '240079 Offense/Incident Report: Simple Assault (13B)', '3.30.99.52');
INSERT INTO usage_logs (user_id, usage_log_date_utc, action, primary_entity_type, primary_entity_id, primary_entity_title, ip_address) VALUES (35013500007, '2026-01-28T09:03:40.071Z', 'VIEWED_USAGE_LOGS', 'USER', 35013475061, 'Viewed usage logs', '127.0.0.192');
INSERT INTO usage_logs (user_id, usage_log_date_utc, action, primary_entity_type, primary_entity_id, primary_entity_title, ip_address) VALUES (35013500007, '2026-02-24T18:45:40.071Z', 'VIEWED_PERSONAL_DASHBOARD', 'REPORT', 0, NULL, '3.30.99.33');
INSERT INTO usage_logs (user_id, usage_log_date_utc, action, primary_entity_type, primary_entity_id, primary_entity_title, ip_address) VALUES (35013500007, '2026-01-05T06:39:40.072Z', 'VIEWED_USAGE_LOGS', 'USER', 35013475061, 'Viewed usage logs', '127.0.0.81');
INSERT INTO usage_logs (user_id, usage_log_date_utc, action, primary_entity_type, primary_entity_id, primary_entity_title, ip_address) VALUES (35013500007, '2026-02-26T14:32:40.072Z', 'VIEWED_PERSONAL_DASHBOARD', 'REPORT', 0, NULL, '3.30.99.80');
INSERT INTO usage_logs (user_id, usage_log_date_utc, action, primary_entity_type, primary_entity_id, primary_entity_title, ip_address) VALUES (35013500007, '2026-01-16T12:47:40.072Z', 'VIEWED_USAGE_LOGS', 'USER', 35013475061, 'Viewed usage logs', '127.0.0.17');
INSERT INTO usage_logs (user_id, usage_log_date_utc, action, primary_entity_type, primary_entity_id, primary_entity_title, ip_address) VALUES (35013500008, '2026-02-20T12:46:40.076Z', 'LOGGED_IN', 'USER', 35013475061, 'Logging in user - brad.fullwood@mark43.com', '3.30.99.56');
INSERT INTO usage_logs (user_id, usage_log_date_utc, action, primary_entity_type, primary_entity_id, primary_entity_title, ip_address) VALUES (35013500008, '2026-02-08T05:08:40.076Z', 'VIEWED_REPORT', 'REPORT', 60804620097, '240079 Offense/Incident Report: Simple Assault (13B)', '3.30.99.204');
INSERT INTO usage_logs (user_id, usage_log_date_utc, action, primary_entity_type, primary_entity_id, primary_entity_title, ip_address) VALUES (35013500008, '2026-02-20T05:34:40.076Z', 'VIEWED_USAGE_LOGS', 'USER', 35013475061, 'Viewed usage logs', '127.0.0.211');
INSERT INTO usage_logs (user_id, usage_log_date_utc, action, primary_entity_type, primary_entity_id, primary_entity_title, ip_address) VALUES (35013500008, '2026-01-07T01:00:40.077Z', 'VIEWED_REPORT', 'REPORT', 60804620097, '240079 Offense/Incident Report: Simple Assault (13B)', '3.30.99.97');
INSERT INTO usage_logs (user_id, usage_log_date_utc, action, primary_entity_type, primary_entity_id, primary_entity_title, ip_address) VALUES (35013500008, '2026-01-16T00:38:40.077Z', 'LOGGED_IN', 'USER', 35013475061, 'Logging in user - brad.fullwood@mark43.com', '3.30.99.219');
INSERT INTO usage_logs (user_id, usage_log_date_utc, action, primary_entity_type, primary_entity_id, primary_entity_title, ip_address) VALUES (35013500008, '2026-01-31T18:09:40.077Z', 'LOGGED_IN', 'USER', 35013475061, 'Logging in user - brad.fullwood@mark43.com', '3.30.99.131');
INSERT INTO usage_logs (user_id, usage_log_date_utc, action, primary_entity_type, primary_entity_id, primary_entity_title, ip_address) VALUES (35013500008, '2026-03-04T09:10:40.077Z', 'LOGGED_IN', 'USER', 35013475061, 'Logging in user - brad.fullwood@mark43.com', '3.30.99.235');
INSERT INTO usage_logs (user_id, usage_log_date_utc, action, primary_entity_type, primary_entity_id, primary_entity_title, ip_address) VALUES (35013500008, '2026-03-18T05:53:40.078Z', 'VIEWED_PERSONAL_DASHBOARD', 'REPORT', 0, NULL, '3.30.99.71');
INSERT INTO usage_logs (user_id, usage_log_date_utc, action, primary_entity_type, primary_entity_id, primary_entity_title, ip_address) VALUES (35013500008, '2026-02-06T20:18:40.078Z', 'VIEWED_REPORT', 'REPORT', 60804620097, '240079 Offense/Incident Report: Simple Assault (13B)', '3.30.99.124');
INSERT INTO usage_logs (user_id, usage_log_date_utc, action, primary_entity_type, primary_entity_id, primary_entity_title, ip_address) VALUES (35013500009, '2025-12-20T18:06:40.080Z', 'VIEWED_REPORT', 'REPORT', 60804620097, '240079 Offense/Incident Report: Simple Assault (13B)', '3.30.99.246');
INSERT INTO usage_logs (user_id, usage_log_date_utc, action, primary_entity_type, primary_entity_id, primary_entity_title, ip_address) VALUES (35013500009, '2025-12-23T10:45:40.080Z', 'LOGGED_IN', 'USER', 35013475061, 'Logging in user - brad.fullwood@mark43.com', '3.30.99.251');
INSERT INTO usage_logs (user_id, usage_log_date_utc, action, primary_entity_type, primary_entity_id, primary_entity_title, ip_address) VALUES (35013500009, '2026-01-30T08:04:40.081Z', 'LOGGED_IN', 'USER', 35013475061, 'Logging in user - brad.fullwood@mark43.com', '3.30.99.84');
INSERT INTO usage_logs (user_id, usage_log_date_utc, action, primary_entity_type, primary_entity_id, primary_entity_title, ip_address) VALUES (35013500009, '2026-01-15T14:53:40.081Z', 'VIEWED_PERSONAL_DASHBOARD', 'REPORT', 0, NULL, '3.30.99.18');
INSERT INTO usage_logs (user_id, usage_log_date_utc, action, primary_entity_type, primary_entity_id, primary_entity_title, ip_address) VALUES (35013500009, '2026-02-08T16:47:40.081Z', 'VIEWED_PERSONAL_DASHBOARD', 'REPORT', 0, NULL, '3.30.99.173');
INSERT INTO usage_logs (user_id, usage_log_date_utc, action, primary_entity_type, primary_entity_id, primary_entity_title, ip_address) VALUES (35013500009, '2026-02-11T07:05:40.082Z', 'VIEWED_PERSONAL_DASHBOARD', 'REPORT', 0, NULL, '3.30.99.252');
INSERT INTO usage_logs (user_id, usage_log_date_utc, action, primary_entity_type, primary_entity_id, primary_entity_title, ip_address) VALUES (35013500009, '2026-01-18T04:38:40.082Z', 'VIEWED_PERSONAL_DASHBOARD', 'REPORT', 0, NULL, '3.30.99.115');
INSERT INTO usage_logs (user_id, usage_log_date_utc, action, primary_entity_type, primary_entity_id, primary_entity_title, ip_address) VALUES (35013500009, '2026-03-07T02:54:40.082Z', 'VIEWED_REPORT', 'REPORT', 60804620097, '240079 Offense/Incident Report: Simple Assault (13B)', '3.30.99.228');
INSERT INTO usage_logs (user_id, usage_log_date_utc, action, primary_entity_type, primary_entity_id, primary_entity_title, ip_address) VALUES (35013500009, '2026-03-11T15:18:40.082Z', 'VIEWED_REPORT', 'REPORT', 60804620097, '240079 Offense/Incident Report: Simple Assault (13B)', '3.30.99.96');
INSERT INTO usage_logs (user_id, usage_log_date_utc, action, primary_entity_type, primary_entity_id, primary_entity_title, ip_address) VALUES (35013500009, '2026-03-16T08:40:40.083Z', 'VIEWED_PERSONAL_DASHBOARD', 'REPORT', 0, NULL, '3.30.99.162');
INSERT INTO usage_logs (user_id, usage_log_date_utc, action, primary_entity_type, primary_entity_id, primary_entity_title, ip_address) VALUES (35013500009, '2026-02-01T09:04:40.083Z', 'LOGGED_IN', 'USER', 35013475061, 'Logging in user - brad.fullwood@mark43.com', '3.30.99.61');
INSERT INTO usage_logs (user_id, usage_log_date_utc, action, primary_entity_type, primary_entity_id, primary_entity_title, ip_address) VALUES (35013500009, '2026-03-10T00:07:40.083Z', 'VIEWED_REPORT', 'REPORT', 60804620097, '240079 Offense/Incident Report: Simple Assault (13B)', '3.30.99.232');
INSERT INTO usage_logs (user_id, usage_log_date_utc, action, primary_entity_type, primary_entity_id, primary_entity_title, ip_address) VALUES (35013500009, '2026-02-06T17:37:40.084Z', 'VIEWED_PERSONAL_DASHBOARD', 'REPORT', 0, NULL, '3.30.99.140');
INSERT INTO usage_logs (user_id, usage_log_date_utc, action, primary_entity_type, primary_entity_id, primary_entity_title, ip_address) VALUES (35013500009, '2025-12-31T18:39:19.680Z', 'VIEWED_PERSONAL_DASHBOARD', 'REPORT', 54713700000, 'Event # 240009', '3.30.99.214');
INSERT INTO usage_logs (user_id, usage_log_date_utc, action, primary_entity_type, primary_entity_id, primary_entity_title, ip_address) VALUES (35013500004, '2026-03-03T00:39:19.681Z', 'VIEWED_REPORT', 'REPORT', 54713700000, 'Event # 240009', '3.30.99.22');
INSERT INTO usage_logs (user_id, usage_log_date_utc, action, primary_entity_type, primary_entity_id, primary_entity_title, ip_address) VALUES (35013500006, '2025-12-22T17:39:19.681Z', 'VIEWED_PERSONAL_DASHBOARD', 'REPORT', 54713700000, 'Event # 240009', '3.30.99.122');
INSERT INTO usage_logs (user_id, usage_log_date_utc, action, primary_entity_type, primary_entity_id, primary_entity_title, ip_address) VALUES (35013500000, '2026-02-20T21:39:19.682Z', 'VIEWED_PERSONAL_DASHBOARD', 'REPORT', 54713700000, 'Event # 240009', '3.30.99.185');
INSERT INTO usage_logs (user_id, usage_log_date_utc, action, primary_entity_type, primary_entity_id, primary_entity_title, ip_address) VALUES (35013500000, '2026-01-23T07:39:19.682Z', 'VIEWED_PERSONAL_DASHBOARD', 'REPORT', 54713700000, 'Event # 240009', '3.30.99.17');
INSERT INTO usage_logs (user_id, usage_log_date_utc, action, primary_entity_type, primary_entity_id, primary_entity_title, ip_address) VALUES (35013500008, '2025-12-22T14:39:19.683Z', 'VIEWED_PERSONAL_DASHBOARD', 'REPORT', 54713700000, 'Event # 240009', '3.30.99.242');
INSERT INTO usage_logs (user_id, usage_log_date_utc, action, primary_entity_type, primary_entity_id, primary_entity_title, ip_address) VALUES (35013500004, '2025-12-21T12:39:19.683Z', 'VIEWED_REPORT', 'REPORT', 54713700000, 'Event # 240009', '3.30.99.40');
INSERT INTO usage_logs (user_id, usage_log_date_utc, action, primary_entity_type, primary_entity_id, primary_entity_title, ip_address) VALUES (35013500001, '2025-12-26T13:39:19.683Z', 'VIEWED_REPORT', 'REPORT', 54713700000, 'Event # 240009', '3.30.99.100');
INSERT INTO usage_logs (user_id, usage_log_date_utc, action, primary_entity_type, primary_entity_id, primary_entity_title, ip_address) VALUES (35013475061, '2025-12-22T19:39:19.683Z', 'VIEWED_PERSONAL_DASHBOARD', 'REPORT', 54713700000, 'Event # 240009', '3.30.99.219');
INSERT INTO usage_logs (user_id, usage_log_date_utc, action, primary_entity_type, primary_entity_id, primary_entity_title, ip_address) VALUES (35013475061, '2026-02-20T19:39:19.684Z', 'VIEWED_PERSONAL_DASHBOARD', 'REPORT', 54713700000, 'Event # 240009', '3.30.99.20');
INSERT INTO usage_logs (user_id, usage_log_date_utc, action, primary_entity_type, primary_entity_id, primary_entity_title, ip_address) VALUES (35013500007, '2026-02-27T12:39:19.684Z', 'VIEWED_PERSONAL_DASHBOARD', 'REPORT', 54713700000, 'Event # 240009', '3.30.99.9');
INSERT INTO usage_logs (user_id, usage_log_date_utc, action, primary_entity_type, primary_entity_id, primary_entity_title, ip_address) VALUES (35013500005, '2026-01-08T11:39:19.690Z', 'VIEWED_PERSONAL_DASHBOARD', 'REPORT', 54713700001, 'Event # 240010', '3.30.99.46');
INSERT INTO usage_logs (user_id, usage_log_date_utc, action, primary_entity_type, primary_entity_id, primary_entity_title, ip_address) VALUES (35013475061, '2026-01-22T23:39:19.691Z', 'VIEWED_PERSONAL_DASHBOARD', 'REPORT', 54713700001, 'Event # 240010', '3.30.99.223');
INSERT INTO usage_logs (user_id, usage_log_date_utc, action, primary_entity_type, primary_entity_id, primary_entity_title, ip_address) VALUES (35013500003, '2026-01-06T08:39:19.691Z', 'VIEWED_PERSONAL_DASHBOARD', 'REPORT', 54713700001, 'Event # 240010', '3.30.99.85');
INSERT INTO usage_logs (user_id, usage_log_date_utc, action, primary_entity_type, primary_entity_id, primary_entity_title, ip_address) VALUES (35013500008, '2026-03-13T20:39:19.691Z', 'VIEWED_REPORT', 'REPORT', 54713700001, 'Event # 240010', '3.30.99.46');
INSERT INTO usage_logs (user_id, usage_log_date_utc, action, primary_entity_type, primary_entity_id, primary_entity_title, ip_address) VALUES (35013500006, '2026-02-05T03:39:19.692Z', 'VIEWED_PERSONAL_DASHBOARD', 'REPORT', 54713700001, 'Event # 240010', '3.30.99.242');
INSERT INTO usage_logs (user_id, usage_log_date_utc, action, primary_entity_type, primary_entity_id, primary_entity_title, ip_address) VALUES (35013500009, '2026-01-12T08:39:19.692Z', 'VIEWED_PERSONAL_DASHBOARD', 'REPORT', 54713700001, 'Event # 240010', '3.30.99.141');
INSERT INTO usage_logs (user_id, usage_log_date_utc, action, primary_entity_type, primary_entity_id, primary_entity_title, ip_address) VALUES (35013500005, '2026-02-08T02:39:19.692Z', 'VIEWED_PERSONAL_DASHBOARD', 'REPORT', 54713700001, 'Event # 240010', '3.30.99.143');
INSERT INTO usage_logs (user_id, usage_log_date_utc, action, primary_entity_type, primary_entity_id, primary_entity_title, ip_address) VALUES (35013500003, '2026-01-21T23:39:19.692Z', 'VIEWED_PERSONAL_DASHBOARD', 'REPORT', 54713700001, 'Event # 240010', '3.30.99.75');
INSERT INTO usage_logs (user_id, usage_log_date_utc, action, primary_entity_type, primary_entity_id, primary_entity_title, ip_address) VALUES (35013500000, '2026-02-24T19:39:19.693Z', 'VIEWED_PERSONAL_DASHBOARD', 'REPORT', 54713700001, 'Event # 240010', '3.30.99.245');
INSERT INTO usage_logs (user_id, usage_log_date_utc, action, primary_entity_type, primary_entity_id, primary_entity_title, ip_address) VALUES (35013500005, '2026-03-06T12:39:19.693Z', 'VIEWED_REPORT', 'REPORT', 54713700001, 'Event # 240010', '3.30.99.193');
INSERT INTO usage_logs (user_id, usage_log_date_utc, action, primary_entity_type, primary_entity_id, primary_entity_title, ip_address) VALUES (35013500000, '2026-02-28T08:39:19.693Z', 'VIEWED_REPORT', 'REPORT', 54713700001, 'Event # 240010', '3.30.99.53');
INSERT INTO usage_logs (user_id, usage_log_date_utc, action, primary_entity_type, primary_entity_id, primary_entity_title, ip_address) VALUES (35013421476, '2026-01-26T20:39:19.693Z', 'VIEWED_REPORT', 'REPORT', 54713700001, 'Event # 240010', '3.30.99.24');
INSERT INTO usage_logs (user_id, usage_log_date_utc, action, primary_entity_type, primary_entity_id, primary_entity_title, ip_address) VALUES (35013500008, '2026-01-11T07:39:19.694Z', 'VIEWED_REPORT', 'REPORT', 54713700001, 'Event # 240010', '3.30.99.249');
INSERT INTO usage_logs (user_id, usage_log_date_utc, action, primary_entity_type, primary_entity_id, primary_entity_title, ip_address) VALUES (35013500006, '2026-01-19T01:39:19.694Z', 'VIEWED_PERSONAL_DASHBOARD', 'REPORT', 54713700001, 'Event # 240010', '3.30.99.77');
INSERT INTO usage_logs (user_id, usage_log_date_utc, action, primary_entity_type, primary_entity_id, primary_entity_title, ip_address) VALUES (35013500005, '2026-03-14T22:39:19.694Z', 'VIEWED_REPORT', 'REPORT', 54713700001, 'Event # 240010', '3.30.99.226');
INSERT INTO usage_logs (user_id, usage_log_date_utc, action, primary_entity_type, primary_entity_id, primary_entity_title, ip_address) VALUES (35013500006, '2026-02-27T23:39:19.695Z', 'VIEWED_REPORT', 'REPORT', 54713700001, 'Event # 240010', '3.30.99.93');
INSERT INTO usage_logs (user_id, usage_log_date_utc, action, primary_entity_type, primary_entity_id, primary_entity_title, ip_address) VALUES (35013475061, '2026-03-05T06:39:19.695Z', 'VIEWED_REPORT', 'REPORT', 54713700001, 'Event # 240010', '3.30.99.237');
INSERT INTO usage_logs (user_id, usage_log_date_utc, action, primary_entity_type, primary_entity_id, primary_entity_title, ip_address) VALUES (35013500006, '2026-02-06T22:39:19.695Z', 'VIEWED_REPORT', 'REPORT', 54713700001, 'Event # 240010', '3.30.99.63');
INSERT INTO usage_logs (user_id, usage_log_date_utc, action, primary_entity_type, primary_entity_id, primary_entity_title, ip_address) VALUES (35013500006, '2026-01-15T00:39:19.696Z', 'VIEWED_REPORT', 'REPORT', 54713700001, 'Event # 240010', '3.30.99.38');
INSERT INTO usage_logs (user_id, usage_log_date_utc, action, primary_entity_type, primary_entity_id, primary_entity_title, ip_address) VALUES (35013475061, '2026-01-14T20:39:19.696Z', 'VIEWED_PERSONAL_DASHBOARD', 'REPORT', 54713700001, 'Event # 240010', '3.30.99.19');
INSERT INTO usage_logs (user_id, usage_log_date_utc, action, primary_entity_type, primary_entity_id, primary_entity_title, ip_address) VALUES (35013500004, '2026-02-20T01:39:19.696Z', 'VIEWED_PERSONAL_DASHBOARD', 'REPORT', 54713700001, 'Event # 240010', '3.30.99.151');
INSERT INTO usage_logs (user_id, usage_log_date_utc, action, primary_entity_type, primary_entity_id, primary_entity_title, ip_address) VALUES (35013500001, '2026-02-05T10:39:19.696Z', 'VIEWED_PERSONAL_DASHBOARD', 'REPORT', 54713700001, 'Event # 240010', '3.30.99.186');
INSERT INTO usage_logs (user_id, usage_log_date_utc, action, primary_entity_type, primary_entity_id, primary_entity_title, ip_address) VALUES (35013500004, '2026-01-24T11:39:19.697Z', 'VIEWED_REPORT', 'REPORT', 54713700001, 'Event # 240010', '3.30.99.160');
INSERT INTO usage_logs (user_id, usage_log_date_utc, action, primary_entity_type, primary_entity_id, primary_entity_title, ip_address) VALUES (35013500003, '2026-03-11T14:39:19.697Z', 'VIEWED_REPORT', 'REPORT', 54713700001, 'Event # 240010', '3.30.99.74');
INSERT INTO usage_logs (user_id, usage_log_date_utc, action, primary_entity_type, primary_entity_id, primary_entity_title, ip_address) VALUES (35013500008, '2026-03-02T07:39:19.697Z', 'VIEWED_REPORT', 'REPORT', 54713700001, 'Event # 240010', '3.30.99.48');
INSERT INTO usage_logs (user_id, usage_log_date_utc, action, primary_entity_type, primary_entity_id, primary_entity_title, ip_address) VALUES (35013500004, '2026-03-16T11:39:19.697Z', 'VIEWED_REPORT', 'REPORT', 54713700001, 'Event # 240010', '3.30.99.107');
INSERT INTO usage_logs (user_id, usage_log_date_utc, action, primary_entity_type, primary_entity_id, primary_entity_title, ip_address) VALUES (35013500004, '2026-02-14T01:39:19.705Z', 'VIEWED_PERSONAL_DASHBOARD', 'REPORT', 54713700002, 'Incident # 240011', '3.30.99.85');
INSERT INTO usage_logs (user_id, usage_log_date_utc, action, primary_entity_type, primary_entity_id, primary_entity_title, ip_address) VALUES (35013421476, '2026-01-17T14:39:19.706Z', 'VIEWED_REPORT', 'REPORT', 54713700002, 'Incident # 240011', '3.30.99.125');
INSERT INTO usage_logs (user_id, usage_log_date_utc, action, primary_entity_type, primary_entity_id, primary_entity_title, ip_address) VALUES (35013500003, '2026-01-19T18:39:19.706Z', 'VIEWED_PERSONAL_DASHBOARD', 'REPORT', 54713700002, 'Incident # 240011', '3.30.99.161');
INSERT INTO usage_logs (user_id, usage_log_date_utc, action, primary_entity_type, primary_entity_id, primary_entity_title, ip_address) VALUES (35013421476, '2025-12-26T02:39:19.706Z', 'VIEWED_REPORT', 'REPORT', 54713700002, 'Incident # 240011', '3.30.99.29');
INSERT INTO usage_logs (user_id, usage_log_date_utc, action, primary_entity_type, primary_entity_id, primary_entity_title, ip_address) VALUES (35013500002, '2026-02-15T20:39:19.706Z', 'VIEWED_PERSONAL_DASHBOARD', 'REPORT', 54713700002, 'Incident # 240011', '3.30.99.131');
INSERT INTO usage_logs (user_id, usage_log_date_utc, action, primary_entity_type, primary_entity_id, primary_entity_title, ip_address) VALUES (35013500006, '2026-02-08T18:39:19.707Z', 'VIEWED_REPORT', 'REPORT', 54713700002, 'Incident # 240011', '3.30.99.32');
INSERT INTO usage_logs (user_id, usage_log_date_utc, action, primary_entity_type, primary_entity_id, primary_entity_title, ip_address) VALUES (35013500001, '2026-02-10T17:39:19.707Z', 'VIEWED_REPORT', 'REPORT', 54713700002, 'Incident # 240011', '3.30.99.82');
INSERT INTO usage_logs (user_id, usage_log_date_utc, action, primary_entity_type, primary_entity_id, primary_entity_title, ip_address) VALUES (35013500005, '2026-03-14T11:39:19.707Z', 'VIEWED_PERSONAL_DASHBOARD', 'REPORT', 54713700002, 'Incident # 240011', '3.30.99.113');
INSERT INTO usage_logs (user_id, usage_log_date_utc, action, primary_entity_type, primary_entity_id, primary_entity_title, ip_address) VALUES (35013500007, '2026-01-29T21:39:19.708Z', 'VIEWED_PERSONAL_DASHBOARD', 'REPORT', 54713700002, 'Incident # 240011', '3.30.99.48');
INSERT INTO usage_logs (user_id, usage_log_date_utc, action, primary_entity_type, primary_entity_id, primary_entity_title, ip_address) VALUES (35013500004, '2026-01-20T00:39:19.708Z', 'VIEWED_REPORT', 'REPORT', 54713700002, 'Incident # 240011', '3.30.99.118');
INSERT INTO usage_logs (user_id, usage_log_date_utc, action, primary_entity_type, primary_entity_id, primary_entity_title, ip_address) VALUES (35013421476, '2026-01-29T21:39:19.708Z', 'VIEWED_REPORT', 'REPORT', 54713700002, 'Incident # 240011', '3.30.99.188');
INSERT INTO usage_logs (user_id, usage_log_date_utc, action, primary_entity_type, primary_entity_id, primary_entity_title, ip_address) VALUES (35013500004, '2026-02-26T00:39:19.709Z', 'VIEWED_REPORT', 'REPORT', 54713700002, 'Incident # 240011', '3.30.99.111');
INSERT INTO usage_logs (user_id, usage_log_date_utc, action, primary_entity_type, primary_entity_id, primary_entity_title, ip_address) VALUES (35013500004, '2025-12-29T01:39:19.709Z', 'VIEWED_REPORT', 'REPORT', 54713700002, 'Incident # 240011', '3.30.99.184');
INSERT INTO usage_logs (user_id, usage_log_date_utc, action, primary_entity_type, primary_entity_id, primary_entity_title, ip_address) VALUES (35013500008, '2026-01-29T09:39:19.709Z', 'VIEWED_REPORT', 'REPORT', 54713700002, 'Incident # 240011', '3.30.99.173');
INSERT INTO usage_logs (user_id, usage_log_date_utc, action, primary_entity_type, primary_entity_id, primary_entity_title, ip_address) VALUES (35013475061, '2026-01-23T10:39:19.709Z', 'VIEWED_PERSONAL_DASHBOARD', 'REPORT', 54713700002, 'Incident # 240011', '3.30.99.49');
INSERT INTO usage_logs (user_id, usage_log_date_utc, action, primary_entity_type, primary_entity_id, primary_entity_title, ip_address) VALUES (35013500000, '2026-03-08T08:39:19.710Z', 'VIEWED_PERSONAL_DASHBOARD', 'REPORT', 54713700002, 'Incident # 240011', '3.30.99.38');
INSERT INTO usage_logs (user_id, usage_log_date_utc, action, primary_entity_type, primary_entity_id, primary_entity_title, ip_address) VALUES (35013500004, '2026-03-13T10:39:19.710Z', 'VIEWED_REPORT', 'REPORT', 54713700002, 'Incident # 240011', '3.30.99.68');
INSERT INTO usage_logs (user_id, usage_log_date_utc, action, primary_entity_type, primary_entity_id, primary_entity_title, ip_address) VALUES (35013500009, '2026-02-21T19:39:19.710Z', 'VIEWED_PERSONAL_DASHBOARD', 'REPORT', 54713700002, 'Incident # 240011', '3.30.99.247');
INSERT INTO usage_logs (user_id, usage_log_date_utc, action, primary_entity_type, primary_entity_id, primary_entity_title, ip_address) VALUES (35013500001, '2026-03-02T23:39:19.711Z', 'VIEWED_PERSONAL_DASHBOARD', 'REPORT', 54713700002, 'Incident # 240011', '3.30.99.199');
INSERT INTO usage_logs (user_id, usage_log_date_utc, action, primary_entity_type, primary_entity_id, primary_entity_title, ip_address) VALUES (35013500003, '2026-03-07T02:39:19.711Z', 'VIEWED_PERSONAL_DASHBOARD', 'REPORT', 54713700002, 'Incident # 240011', '3.30.99.143');
INSERT INTO usage_logs (user_id, usage_log_date_utc, action, primary_entity_type, primary_entity_id, primary_entity_title, ip_address) VALUES (35013500002, '2026-01-31T05:39:19.711Z', 'VIEWED_PERSONAL_DASHBOARD', 'REPORT', 54713700002, 'Incident # 240011', '3.30.99.89');
INSERT INTO usage_logs (user_id, usage_log_date_utc, action, primary_entity_type, primary_entity_id, primary_entity_title, ip_address) VALUES (35013421476, '2026-03-05T01:39:19.711Z', 'VIEWED_PERSONAL_DASHBOARD', 'REPORT', 54713700002, 'Incident # 240011', '3.30.99.177');
INSERT INTO usage_logs (user_id, usage_log_date_utc, action, primary_entity_type, primary_entity_id, primary_entity_title, ip_address) VALUES (35013500006, '2026-02-02T12:39:19.712Z', 'VIEWED_PERSONAL_DASHBOARD', 'REPORT', 54713700002, 'Incident # 240011', '3.30.99.129');
INSERT INTO usage_logs (user_id, usage_log_date_utc, action, primary_entity_type, primary_entity_id, primary_entity_title, ip_address) VALUES (35013500009, '2026-02-05T21:39:19.712Z', 'VIEWED_REPORT', 'REPORT', 54713700002, 'Incident # 240011', '3.30.99.110');
INSERT INTO usage_logs (user_id, usage_log_date_utc, action, primary_entity_type, primary_entity_id, primary_entity_title, ip_address) VALUES (35013500004, '2026-03-17T12:39:19.712Z', 'VIEWED_PERSONAL_DASHBOARD', 'REPORT', 54713700002, 'Incident # 240011', '3.30.99.105');
INSERT INTO usage_logs (user_id, usage_log_date_utc, action, primary_entity_type, primary_entity_id, primary_entity_title, ip_address) VALUES (35013500004, '2026-02-24T06:39:19.713Z', 'VIEWED_PERSONAL_DASHBOARD', 'REPORT', 54713700002, 'Incident # 240011', '3.30.99.58');
INSERT INTO usage_logs (user_id, usage_log_date_utc, action, primary_entity_type, primary_entity_id, primary_entity_title, ip_address) VALUES (35013500008, '2026-01-14T15:39:19.713Z', 'VIEWED_PERSONAL_DASHBOARD', 'REPORT', 54713700002, 'Incident # 240011', '3.30.99.217');
INSERT INTO usage_logs (user_id, usage_log_date_utc, action, primary_entity_type, primary_entity_id, primary_entity_title, ip_address) VALUES (35013500002, '2026-01-19T04:39:19.721Z', 'VIEWED_PERSONAL_DASHBOARD', 'REPORT', 54713700003, 'Case # 240012', '3.30.99.25');
INSERT INTO usage_logs (user_id, usage_log_date_utc, action, primary_entity_type, primary_entity_id, primary_entity_title, ip_address) VALUES (35013500002, '2026-03-07T13:39:19.721Z', 'VIEWED_REPORT', 'REPORT', 54713700003, 'Case # 240012', '3.30.99.200');
INSERT INTO usage_logs (user_id, usage_log_date_utc, action, primary_entity_type, primary_entity_id, primary_entity_title, ip_address) VALUES (35013500009, '2026-02-13T09:39:19.722Z', 'VIEWED_REPORT', 'REPORT', 54713700003, 'Case # 240012', '3.30.99.134');
INSERT INTO usage_logs (user_id, usage_log_date_utc, action, primary_entity_type, primary_entity_id, primary_entity_title, ip_address) VALUES (35013475061, '2025-12-28T07:39:19.722Z', 'VIEWED_REPORT', 'REPORT', 54713700003, 'Case # 240012', '3.30.99.169');
INSERT INTO usage_logs (user_id, usage_log_date_utc, action, primary_entity_type, primary_entity_id, primary_entity_title, ip_address) VALUES (35013500005, '2025-12-30T01:39:19.722Z', 'VIEWED_PERSONAL_DASHBOARD', 'REPORT', 54713700003, 'Case # 240012', '3.30.99.97');
INSERT INTO usage_logs (user_id, usage_log_date_utc, action, primary_entity_type, primary_entity_id, primary_entity_title, ip_address) VALUES (35013500005, '2026-03-14T17:39:19.723Z', 'VIEWED_PERSONAL_DASHBOARD', 'REPORT', 54713700003, 'Case # 240012', '3.30.99.35');
INSERT INTO usage_logs (user_id, usage_log_date_utc, action, primary_entity_type, primary_entity_id, primary_entity_title, ip_address) VALUES (35013500009, '2026-02-12T10:39:19.723Z', 'VIEWED_REPORT', 'REPORT', 54713700003, 'Case # 240012', '3.30.99.37');
INSERT INTO usage_logs (user_id, usage_log_date_utc, action, primary_entity_type, primary_entity_id, primary_entity_title, ip_address) VALUES (35013500004, '2026-01-19T23:39:19.723Z', 'VIEWED_REPORT', 'REPORT', 54713700003, 'Case # 240012', '3.30.99.224');
INSERT INTO usage_logs (user_id, usage_log_date_utc, action, primary_entity_type, primary_entity_id, primary_entity_title, ip_address) VALUES (35013500006, '2026-02-07T13:39:19.724Z', 'VIEWED_REPORT', 'REPORT', 54713700003, 'Case # 240012', '3.30.99.103');
INSERT INTO usage_logs (user_id, usage_log_date_utc, action, primary_entity_type, primary_entity_id, primary_entity_title, ip_address) VALUES (35013500007, '2026-02-06T20:39:19.724Z', 'VIEWED_REPORT', 'REPORT', 54713700003, 'Case # 240012', '3.30.99.252');
INSERT INTO usage_logs (user_id, usage_log_date_utc, action, primary_entity_type, primary_entity_id, primary_entity_title, ip_address) VALUES (35013475061, '2026-02-04T21:39:19.724Z', 'VIEWED_PERSONAL_DASHBOARD', 'REPORT', 54713700003, 'Case # 240012', '3.30.99.90');
INSERT INTO usage_logs (user_id, usage_log_date_utc, action, primary_entity_type, primary_entity_id, primary_entity_title, ip_address) VALUES (35013500006, '2026-01-30T11:39:19.724Z', 'VIEWED_PERSONAL_DASHBOARD', 'REPORT', 54713700003, 'Case # 240012', '3.30.99.215');
INSERT INTO usage_logs (user_id, usage_log_date_utc, action, primary_entity_type, primary_entity_id, primary_entity_title, ip_address) VALUES (35013475061, '2026-02-20T13:39:19.725Z', 'VIEWED_REPORT', 'REPORT', 54713700003, 'Case # 240012', '3.30.99.212');
INSERT INTO usage_logs (user_id, usage_log_date_utc, action, primary_entity_type, primary_entity_id, primary_entity_title, ip_address) VALUES (35013500009, '2025-12-27T19:39:19.725Z', 'VIEWED_REPORT', 'REPORT', 54713700003, 'Case # 240012', '3.30.99.227');
INSERT INTO usage_logs (user_id, usage_log_date_utc, action, primary_entity_type, primary_entity_id, primary_entity_title, ip_address) VALUES (35013500003, '2026-02-14T09:39:19.725Z', 'VIEWED_PERSONAL_DASHBOARD', 'REPORT', 54713700003, 'Case # 240012', '3.30.99.79');
INSERT INTO usage_logs (user_id, usage_log_date_utc, action, primary_entity_type, primary_entity_id, primary_entity_title, ip_address) VALUES (35013500003, '2026-03-05T14:39:19.726Z', 'VIEWED_PERSONAL_DASHBOARD', 'REPORT', 54713700003, 'Case # 240012', '3.30.99.134');
INSERT INTO usage_logs (user_id, usage_log_date_utc, action, primary_entity_type, primary_entity_id, primary_entity_title, ip_address) VALUES (35013500000, '2026-03-01T16:39:19.726Z', 'VIEWED_PERSONAL_DASHBOARD', 'REPORT', 54713700003, 'Case # 240012', '3.30.99.115');
INSERT INTO usage_logs (user_id, usage_log_date_utc, action, primary_entity_type, primary_entity_id, primary_entity_title, ip_address) VALUES (35013500001, '2026-03-09T11:39:19.726Z', 'VIEWED_REPORT', 'REPORT', 54713700003, 'Case # 240012', '3.30.99.193');
INSERT INTO usage_logs (user_id, usage_log_date_utc, action, primary_entity_type, primary_entity_id, primary_entity_title, ip_address) VALUES (35013500004, '2026-01-06T20:39:19.726Z', 'VIEWED_PERSONAL_DASHBOARD', 'REPORT', 54713700003, 'Case # 240012', '3.30.99.139');
INSERT INTO usage_logs (user_id, usage_log_date_utc, action, primary_entity_type, primary_entity_id, primary_entity_title, ip_address) VALUES (35013500002, '2025-12-24T18:39:19.727Z', 'VIEWED_PERSONAL_DASHBOARD', 'REPORT', 54713700003, 'Case # 240012', '3.30.99.2');
INSERT INTO usage_logs (user_id, usage_log_date_utc, action, primary_entity_type, primary_entity_id, primary_entity_title, ip_address) VALUES (35013500000, '2026-02-04T15:39:19.734Z', 'VIEWED_PERSONAL_DASHBOARD', 'REPORT', 54713700004, 'Report # 240013', '3.30.99.72');
INSERT INTO usage_logs (user_id, usage_log_date_utc, action, primary_entity_type, primary_entity_id, primary_entity_title, ip_address) VALUES (35013500004, '2025-12-29T20:39:19.735Z', 'VIEWED_REPORT', 'REPORT', 54713700004, 'Report # 240013', '3.30.99.51');
INSERT INTO usage_logs (user_id, usage_log_date_utc, action, primary_entity_type, primary_entity_id, primary_entity_title, ip_address) VALUES (35013500009, '2026-02-03T21:39:19.735Z', 'VIEWED_PERSONAL_DASHBOARD', 'REPORT', 54713700004, 'Report # 240013', '3.30.99.226');
INSERT INTO usage_logs (user_id, usage_log_date_utc, action, primary_entity_type, primary_entity_id, primary_entity_title, ip_address) VALUES (35013500004, '2026-01-13T09:39:19.735Z', 'VIEWED_PERSONAL_DASHBOARD', 'REPORT', 54713700004, 'Report # 240013', '3.30.99.82');
INSERT INTO usage_logs (user_id, usage_log_date_utc, action, primary_entity_type, primary_entity_id, primary_entity_title, ip_address) VALUES (35013500003, '2026-01-21T04:39:19.736Z', 'VIEWED_REPORT', 'REPORT', 54713700004, 'Report # 240013', '3.30.99.206');
INSERT INTO usage_logs (user_id, usage_log_date_utc, action, primary_entity_type, primary_entity_id, primary_entity_title, ip_address) VALUES (35013500000, '2026-01-29T19:39:19.736Z', 'VIEWED_REPORT', 'REPORT', 54713700004, 'Report # 240013', '3.30.99.254');
INSERT INTO usage_logs (user_id, usage_log_date_utc, action, primary_entity_type, primary_entity_id, primary_entity_title, ip_address) VALUES (35013500005, '2026-02-07T20:39:19.736Z', 'VIEWED_PERSONAL_DASHBOARD', 'REPORT', 54713700004, 'Report # 240013', '3.30.99.200');
INSERT INTO usage_logs (user_id, usage_log_date_utc, action, primary_entity_type, primary_entity_id, primary_entity_title, ip_address) VALUES (35013500005, '2026-02-28T09:39:19.736Z', 'VIEWED_REPORT', 'REPORT', 54713700004, 'Report # 240013', '3.30.99.0');
INSERT INTO usage_logs (user_id, usage_log_date_utc, action, primary_entity_type, primary_entity_id, primary_entity_title, ip_address) VALUES (35013500007, '2026-03-13T00:39:19.737Z', 'VIEWED_REPORT', 'REPORT', 54713700004, 'Report # 240013', '3.30.99.114');
INSERT INTO usage_logs (user_id, usage_log_date_utc, action, primary_entity_type, primary_entity_id, primary_entity_title, ip_address) VALUES (35013500009, '2025-12-21T03:39:19.737Z', 'VIEWED_PERSONAL_DASHBOARD', 'REPORT', 54713700004, 'Report # 240013', '3.30.99.36');
INSERT INTO usage_logs (user_id, usage_log_date_utc, action, primary_entity_type, primary_entity_id, primary_entity_title, ip_address) VALUES (35013500003, '2025-12-29T12:39:19.737Z', 'VIEWED_REPORT', 'REPORT', 54713700004, 'Report # 240013', '3.30.99.142');
INSERT INTO usage_logs (user_id, usage_log_date_utc, action, primary_entity_type, primary_entity_id, primary_entity_title, ip_address) VALUES (35013500008, '2026-01-01T21:39:19.738Z', 'VIEWED_PERSONAL_DASHBOARD', 'REPORT', 54713700004, 'Report # 240013', '3.30.99.235');
INSERT INTO usage_logs (user_id, usage_log_date_utc, action, primary_entity_type, primary_entity_id, primary_entity_title, ip_address) VALUES (35013500005, '2026-03-19T04:39:19.738Z', 'VIEWED_REPORT', 'REPORT', 54713700004, 'Report # 240013', '3.30.99.108');
INSERT INTO usage_logs (user_id, usage_log_date_utc, action, primary_entity_type, primary_entity_id, primary_entity_title, ip_address) VALUES (35013500005, '2026-03-07T02:39:19.738Z', 'VIEWED_PERSONAL_DASHBOARD', 'REPORT', 54713700004, 'Report # 240013', '3.30.99.69');
INSERT INTO usage_logs (user_id, usage_log_date_utc, action, primary_entity_type, primary_entity_id, primary_entity_title, ip_address) VALUES (35013500002, '2026-01-23T12:39:19.738Z', 'VIEWED_PERSONAL_DASHBOARD', 'REPORT', 54713700004, 'Report # 240013', '3.30.99.226');
INSERT INTO usage_logs (user_id, usage_log_date_utc, action, primary_entity_type, primary_entity_id, primary_entity_title, ip_address) VALUES (35013500002, '2026-02-05T10:39:19.739Z', 'VIEWED_REPORT', 'REPORT', 54713700004, 'Report # 240013', '3.30.99.69');
INSERT INTO usage_logs (user_id, usage_log_date_utc, action, primary_entity_type, primary_entity_id, primary_entity_title, ip_address) VALUES (35013500007, '2026-02-07T11:39:19.739Z', 'VIEWED_PERSONAL_DASHBOARD', 'REPORT', 54713700004, 'Report # 240013', '3.30.99.35');
INSERT INTO usage_logs (user_id, usage_log_date_utc, action, primary_entity_type, primary_entity_id, primary_entity_title, ip_address) VALUES (35013500006, '2026-01-28T19:39:19.739Z', 'VIEWED_PERSONAL_DASHBOARD', 'REPORT', 54713700004, 'Report # 240013', '3.30.99.144');
INSERT INTO usage_logs (user_id, usage_log_date_utc, action, primary_entity_type, primary_entity_id, primary_entity_title, ip_address) VALUES (35013500009, '2026-03-13T01:39:19.739Z', 'VIEWED_PERSONAL_DASHBOARD', 'REPORT', 54713700004, 'Report # 240013', '3.30.99.99');
INSERT INTO usage_logs (user_id, usage_log_date_utc, action, primary_entity_type, primary_entity_id, primary_entity_title, ip_address) VALUES (35013500009, '2026-01-22T05:39:19.746Z', 'VIEWED_REPORT', 'REPORT', 54713700005, 'Event # 240014', '3.30.99.132');
INSERT INTO usage_logs (user_id, usage_log_date_utc, action, primary_entity_type, primary_entity_id, primary_entity_title, ip_address) VALUES (35013421476, '2026-01-15T17:39:19.746Z', 'VIEWED_PERSONAL_DASHBOARD', 'REPORT', 54713700005, 'Event # 240014', '3.30.99.163');
INSERT INTO usage_logs (user_id, usage_log_date_utc, action, primary_entity_type, primary_entity_id, primary_entity_title, ip_address) VALUES (35013500005, '2026-02-18T11:39:19.747Z', 'VIEWED_PERSONAL_DASHBOARD', 'REPORT', 54713700005, 'Event # 240014', '3.30.99.52');
INSERT INTO usage_logs (user_id, usage_log_date_utc, action, primary_entity_type, primary_entity_id, primary_entity_title, ip_address) VALUES (35013500009, '2026-03-15T12:39:19.747Z', 'VIEWED_PERSONAL_DASHBOARD', 'REPORT', 54713700005, 'Event # 240014', '3.30.99.16');
INSERT INTO usage_logs (user_id, usage_log_date_utc, action, primary_entity_type, primary_entity_id, primary_entity_title, ip_address) VALUES (35013500009, '2026-01-08T20:39:19.748Z', 'VIEWED_PERSONAL_DASHBOARD', 'REPORT', 54713700005, 'Event # 240014', '3.30.99.251');
INSERT INTO usage_logs (user_id, usage_log_date_utc, action, primary_entity_type, primary_entity_id, primary_entity_title, ip_address) VALUES (35013500007, '2026-03-08T09:39:19.748Z', 'VIEWED_PERSONAL_DASHBOARD', 'REPORT', 54713700005, 'Event # 240014', '3.30.99.211');
INSERT INTO usage_logs (user_id, usage_log_date_utc, action, primary_entity_type, primary_entity_id, primary_entity_title, ip_address) VALUES (35013500000, '2026-01-16T13:39:19.748Z', 'VIEWED_REPORT', 'REPORT', 54713700005, 'Event # 240014', '3.30.99.36');
INSERT INTO usage_logs (user_id, usage_log_date_utc, action, primary_entity_type, primary_entity_id, primary_entity_title, ip_address) VALUES (35013500007, '2026-03-03T14:39:19.748Z', 'VIEWED_PERSONAL_DASHBOARD', 'REPORT', 54713700005, 'Event # 240014', '3.30.99.220');
INSERT INTO usage_logs (user_id, usage_log_date_utc, action, primary_entity_type, primary_entity_id, primary_entity_title, ip_address) VALUES (35013475061, '2026-02-16T01:39:19.749Z', 'VIEWED_PERSONAL_DASHBOARD', 'REPORT', 54713700005, 'Event # 240014', '3.30.99.21');
INSERT INTO usage_logs (user_id, usage_log_date_utc, action, primary_entity_type, primary_entity_id, primary_entity_title, ip_address) VALUES (35013500005, '2025-12-23T09:39:19.749Z', 'VIEWED_PERSONAL_DASHBOARD', 'REPORT', 54713700005, 'Event # 240014', '3.30.99.191');
INSERT INTO usage_logs (user_id, usage_log_date_utc, action, primary_entity_type, primary_entity_id, primary_entity_title, ip_address) VALUES (35013421476, '2026-02-25T08:39:19.749Z', 'VIEWED_REPORT', 'REPORT', 54713700005, 'Event # 240014', '3.30.99.234');
INSERT INTO usage_logs (user_id, usage_log_date_utc, action, primary_entity_type, primary_entity_id, primary_entity_title, ip_address) VALUES (35013500009, '2026-02-22T04:39:19.750Z', 'VIEWED_REPORT', 'REPORT', 54713700005, 'Event # 240014', '3.30.99.107');
INSERT INTO usage_logs (user_id, usage_log_date_utc, action, primary_entity_type, primary_entity_id, primary_entity_title, ip_address) VALUES (35013500009, '2026-01-03T08:39:19.750Z', 'VIEWED_PERSONAL_DASHBOARD', 'REPORT', 54713700005, 'Event # 240014', '3.30.99.204');
INSERT INTO usage_logs (user_id, usage_log_date_utc, action, primary_entity_type, primary_entity_id, primary_entity_title, ip_address) VALUES (35013500000, '2026-02-26T08:39:19.750Z', 'VIEWED_PERSONAL_DASHBOARD', 'REPORT', 54713700005, 'Event # 240014', '3.30.99.164');
INSERT INTO usage_logs (user_id, usage_log_date_utc, action, primary_entity_type, primary_entity_id, primary_entity_title, ip_address) VALUES (35013500004, '2026-01-20T03:39:19.751Z', 'VIEWED_PERSONAL_DASHBOARD', 'REPORT', 54713700005, 'Event # 240014', '3.30.99.193');
INSERT INTO usage_logs (user_id, usage_log_date_utc, action, primary_entity_type, primary_entity_id, primary_entity_title, ip_address) VALUES (35013500001, '2026-01-03T00:39:19.751Z', 'VIEWED_REPORT', 'REPORT', 54713700005, 'Event # 240014', '3.30.99.139');
INSERT INTO usage_logs (user_id, usage_log_date_utc, action, primary_entity_type, primary_entity_id, primary_entity_title, ip_address) VALUES (35013500009, '2026-01-04T19:39:19.751Z', 'VIEWED_REPORT', 'REPORT', 54713700005, 'Event # 240014', '3.30.99.49');
INSERT INTO usage_logs (user_id, usage_log_date_utc, action, primary_entity_type, primary_entity_id, primary_entity_title, ip_address) VALUES (35013500000, '2026-02-04T22:39:19.751Z', 'VIEWED_PERSONAL_DASHBOARD', 'REPORT', 54713700005, 'Event # 240014', '3.30.99.200');
INSERT INTO usage_logs (user_id, usage_log_date_utc, action, primary_entity_type, primary_entity_id, primary_entity_title, ip_address) VALUES (35013500005, '2026-03-01T18:39:19.752Z', 'VIEWED_REPORT', 'REPORT', 54713700005, 'Event # 240014', '3.30.99.75');
INSERT INTO usage_logs (user_id, usage_log_date_utc, action, primary_entity_type, primary_entity_id, primary_entity_title, ip_address) VALUES (35013421476, '2026-01-20T19:39:19.759Z', 'VIEWED_PERSONAL_DASHBOARD', 'REPORT', 54713700006, 'Incident # 240015', '3.30.99.97');
INSERT INTO usage_logs (user_id, usage_log_date_utc, action, primary_entity_type, primary_entity_id, primary_entity_title, ip_address) VALUES (35013421476, '2026-03-13T05:39:19.759Z', 'VIEWED_PERSONAL_DASHBOARD', 'REPORT', 54713700006, 'Incident # 240015', '3.30.99.222');
INSERT INTO usage_logs (user_id, usage_log_date_utc, action, primary_entity_type, primary_entity_id, primary_entity_title, ip_address) VALUES (35013500005, '2026-02-15T02:39:19.760Z', 'VIEWED_REPORT', 'REPORT', 54713700006, 'Incident # 240015', '3.30.99.67');
INSERT INTO usage_logs (user_id, usage_log_date_utc, action, primary_entity_type, primary_entity_id, primary_entity_title, ip_address) VALUES (35013500006, '2026-03-06T18:39:19.760Z', 'VIEWED_REPORT', 'REPORT', 54713700006, 'Incident # 240015', '3.30.99.149');
INSERT INTO usage_logs (user_id, usage_log_date_utc, action, primary_entity_type, primary_entity_id, primary_entity_title, ip_address) VALUES (35013421476, '2026-03-18T00:39:19.760Z', 'VIEWED_PERSONAL_DASHBOARD', 'REPORT', 54713700006, 'Incident # 240015', '3.30.99.233');
INSERT INTO usage_logs (user_id, usage_log_date_utc, action, primary_entity_type, primary_entity_id, primary_entity_title, ip_address) VALUES (35013500007, '2026-03-15T05:39:19.761Z', 'VIEWED_REPORT', 'REPORT', 54713700006, 'Incident # 240015', '3.30.99.83');
INSERT INTO usage_logs (user_id, usage_log_date_utc, action, primary_entity_type, primary_entity_id, primary_entity_title, ip_address) VALUES (35013500005, '2026-02-14T16:39:19.761Z', 'VIEWED_REPORT', 'REPORT', 54713700006, 'Incident # 240015', '3.30.99.143');
INSERT INTO usage_logs (user_id, usage_log_date_utc, action, primary_entity_type, primary_entity_id, primary_entity_title, ip_address) VALUES (35013500002, '2026-02-02T10:39:19.761Z', 'VIEWED_PERSONAL_DASHBOARD', 'REPORT', 54713700006, 'Incident # 240015', '3.30.99.152');
INSERT INTO usage_logs (user_id, usage_log_date_utc, action, primary_entity_type, primary_entity_id, primary_entity_title, ip_address) VALUES (35013500005, '2026-03-05T22:39:19.762Z', 'VIEWED_PERSONAL_DASHBOARD', 'REPORT', 54713700006, 'Incident # 240015', '3.30.99.232');
INSERT INTO usage_logs (user_id, usage_log_date_utc, action, primary_entity_type, primary_entity_id, primary_entity_title, ip_address) VALUES (35013475061, '2026-02-07T14:39:19.762Z', 'VIEWED_PERSONAL_DASHBOARD', 'REPORT', 54713700006, 'Incident # 240015', '3.30.99.194');
INSERT INTO usage_logs (user_id, usage_log_date_utc, action, primary_entity_type, primary_entity_id, primary_entity_title, ip_address) VALUES (35013475061, '2026-03-15T01:39:19.762Z', 'VIEWED_PERSONAL_DASHBOARD', 'REPORT', 54713700006, 'Incident # 240015', '3.30.99.79');
INSERT INTO usage_logs (user_id, usage_log_date_utc, action, primary_entity_type, primary_entity_id, primary_entity_title, ip_address) VALUES (35013500007, '2026-01-10T10:39:19.762Z', 'VIEWED_REPORT', 'REPORT', 54713700006, 'Incident # 240015', '3.30.99.92');
INSERT INTO usage_logs (user_id, usage_log_date_utc, action, primary_entity_type, primary_entity_id, primary_entity_title, ip_address) VALUES (35013500001, '2026-02-16T18:39:19.763Z', 'VIEWED_PERSONAL_DASHBOARD', 'REPORT', 54713700006, 'Incident # 240015', '3.30.99.95');
INSERT INTO usage_logs (user_id, usage_log_date_utc, action, primary_entity_type, primary_entity_id, primary_entity_title, ip_address) VALUES (35013475061, '2025-12-29T18:39:19.763Z', 'VIEWED_REPORT', 'REPORT', 54713700006, 'Incident # 240015', '3.30.99.173');
INSERT INTO usage_logs (user_id, usage_log_date_utc, action, primary_entity_type, primary_entity_id, primary_entity_title, ip_address) VALUES (35013500003, '2026-03-03T00:39:19.763Z', 'VIEWED_REPORT', 'REPORT', 54713700006, 'Incident # 240015', '3.30.99.24');
INSERT INTO usage_logs (user_id, usage_log_date_utc, action, primary_entity_type, primary_entity_id, primary_entity_title, ip_address) VALUES (35013500004, '2026-01-27T02:39:19.764Z', 'VIEWED_REPORT', 'REPORT', 54713700006, 'Incident # 240015', '3.30.99.232');
INSERT INTO usage_logs (user_id, usage_log_date_utc, action, primary_entity_type, primary_entity_id, primary_entity_title, ip_address) VALUES (35013500003, '2026-01-17T17:39:19.764Z', 'VIEWED_PERSONAL_DASHBOARD', 'REPORT', 54713700006, 'Incident # 240015', '3.30.99.4');
INSERT INTO usage_logs (user_id, usage_log_date_utc, action, primary_entity_type, primary_entity_id, primary_entity_title, ip_address) VALUES (35013500000, '2026-03-08T16:39:19.768Z', 'VIEWED_REPORT', 'REPORT', 54713700007, 'Case # 240016', '3.30.99.121');
INSERT INTO usage_logs (user_id, usage_log_date_utc, action, primary_entity_type, primary_entity_id, primary_entity_title, ip_address) VALUES (35013500003, '2026-01-09T00:39:19.768Z', 'VIEWED_PERSONAL_DASHBOARD', 'REPORT', 54713700007, 'Case # 240016', '3.30.99.254');
INSERT INTO usage_logs (user_id, usage_log_date_utc, action, primary_entity_type, primary_entity_id, primary_entity_title, ip_address) VALUES (35013500002, '2025-12-29T15:39:19.769Z', 'VIEWED_PERSONAL_DASHBOARD', 'REPORT', 54713700007, 'Case # 240016', '3.30.99.76');
INSERT INTO usage_logs (user_id, usage_log_date_utc, action, primary_entity_type, primary_entity_id, primary_entity_title, ip_address) VALUES (35013500003, '2026-02-17T21:39:19.769Z', 'VIEWED_REPORT', 'REPORT', 54713700007, 'Case # 240016', '3.30.99.219');
INSERT INTO usage_logs (user_id, usage_log_date_utc, action, primary_entity_type, primary_entity_id, primary_entity_title, ip_address) VALUES (35013500003, '2026-01-14T08:39:19.769Z', 'VIEWED_PERSONAL_DASHBOARD', 'REPORT', 54713700007, 'Case # 240016', '3.30.99.25');
INSERT INTO usage_logs (user_id, usage_log_date_utc, action, primary_entity_type, primary_entity_id, primary_entity_title, ip_address) VALUES (35013500006, '2026-02-28T15:39:19.770Z', 'VIEWED_REPORT', 'REPORT', 54713700007, 'Case # 240016', '3.30.99.235');
INSERT INTO usage_logs (user_id, usage_log_date_utc, action, primary_entity_type, primary_entity_id, primary_entity_title, ip_address) VALUES (35013500004, '2026-01-02T13:39:19.770Z', 'VIEWED_PERSONAL_DASHBOARD', 'REPORT', 54713700007, 'Case # 240016', '3.30.99.177');
INSERT INTO usage_logs (user_id, usage_log_date_utc, action, primary_entity_type, primary_entity_id, primary_entity_title, ip_address) VALUES (35013500006, '2026-01-09T21:39:19.770Z', 'VIEWED_PERSONAL_DASHBOARD', 'REPORT', 54713700007, 'Case # 240016', '3.30.99.77');
INSERT INTO usage_logs (user_id, usage_log_date_utc, action, primary_entity_type, primary_entity_id, primary_entity_title, ip_address) VALUES (35013500001, '2026-01-10T12:39:19.770Z', 'VIEWED_REPORT', 'REPORT', 54713700007, 'Case # 240016', '3.30.99.182');
INSERT INTO usage_logs (user_id, usage_log_date_utc, action, primary_entity_type, primary_entity_id, primary_entity_title, ip_address) VALUES (35013475061, '2025-12-27T10:39:19.771Z', 'VIEWED_PERSONAL_DASHBOARD', 'REPORT', 54713700007, 'Case # 240016', '3.30.99.60');
INSERT INTO usage_logs (user_id, usage_log_date_utc, action, primary_entity_type, primary_entity_id, primary_entity_title, ip_address) VALUES (35013500005, '2026-01-23T02:39:19.771Z', 'VIEWED_PERSONAL_DASHBOARD', 'REPORT', 54713700007, 'Case # 240016', '3.30.99.155');
INSERT INTO usage_logs (user_id, usage_log_date_utc, action, primary_entity_type, primary_entity_id, primary_entity_title, ip_address) VALUES (35013500001, '2026-01-19T15:39:19.771Z', 'VIEWED_PERSONAL_DASHBOARD', 'REPORT', 54713700007, 'Case # 240016', '3.30.99.33');
INSERT INTO usage_logs (user_id, usage_log_date_utc, action, primary_entity_type, primary_entity_id, primary_entity_title, ip_address) VALUES (35013500003, '2026-02-18T02:39:19.772Z', 'VIEWED_REPORT', 'REPORT', 54713700007, 'Case # 240016', '3.30.99.209');
INSERT INTO usage_logs (user_id, usage_log_date_utc, action, primary_entity_type, primary_entity_id, primary_entity_title, ip_address) VALUES (35013500008, '2025-12-23T16:39:19.780Z', 'VIEWED_PERSONAL_DASHBOARD', 'REPORT', 54713700008, 'Event # 240017', '3.30.99.222');
INSERT INTO usage_logs (user_id, usage_log_date_utc, action, primary_entity_type, primary_entity_id, primary_entity_title, ip_address) VALUES (35013500009, '2026-01-30T13:39:19.781Z', 'VIEWED_REPORT', 'REPORT', 54713700008, 'Event # 240017', '3.30.99.17');
INSERT INTO usage_logs (user_id, usage_log_date_utc, action, primary_entity_type, primary_entity_id, primary_entity_title, ip_address) VALUES (35013500007, '2025-12-24T19:39:19.781Z', 'VIEWED_PERSONAL_DASHBOARD', 'REPORT', 54713700008, 'Event # 240017', '3.30.99.173');
INSERT INTO usage_logs (user_id, usage_log_date_utc, action, primary_entity_type, primary_entity_id, primary_entity_title, ip_address) VALUES (35013500006, '2026-03-09T06:39:19.781Z', 'VIEWED_PERSONAL_DASHBOARD', 'REPORT', 54713700008, 'Event # 240017', '3.30.99.213');
INSERT INTO usage_logs (user_id, usage_log_date_utc, action, primary_entity_type, primary_entity_id, primary_entity_title, ip_address) VALUES (35013500007, '2025-12-25T18:39:19.781Z', 'VIEWED_PERSONAL_DASHBOARD', 'REPORT', 54713700008, 'Event # 240017', '3.30.99.13');
INSERT INTO usage_logs (user_id, usage_log_date_utc, action, primary_entity_type, primary_entity_id, primary_entity_title, ip_address) VALUES (35013500004, '2026-01-21T03:39:19.782Z', 'VIEWED_PERSONAL_DASHBOARD', 'REPORT', 54713700008, 'Event # 240017', '3.30.99.153');
INSERT INTO usage_logs (user_id, usage_log_date_utc, action, primary_entity_type, primary_entity_id, primary_entity_title, ip_address) VALUES (35013500008, '2026-01-19T22:39:19.782Z', 'VIEWED_PERSONAL_DASHBOARD', 'REPORT', 54713700008, 'Event # 240017', '3.30.99.111');
INSERT INTO usage_logs (user_id, usage_log_date_utc, action, primary_entity_type, primary_entity_id, primary_entity_title, ip_address) VALUES (35013500000, '2026-03-12T18:39:19.782Z', 'VIEWED_PERSONAL_DASHBOARD', 'REPORT', 54713700008, 'Event # 240017', '3.30.99.122');
INSERT INTO usage_logs (user_id, usage_log_date_utc, action, primary_entity_type, primary_entity_id, primary_entity_title, ip_address) VALUES (35013500009, '2026-03-19T05:39:19.783Z', 'VIEWED_PERSONAL_DASHBOARD', 'REPORT', 54713700008, 'Event # 240017', '3.30.99.241');
INSERT INTO usage_logs (user_id, usage_log_date_utc, action, primary_entity_type, primary_entity_id, primary_entity_title, ip_address) VALUES (35013421476, '2025-12-21T08:39:19.783Z', 'VIEWED_REPORT', 'REPORT', 54713700008, 'Event # 240017', '3.30.99.116');
INSERT INTO usage_logs (user_id, usage_log_date_utc, action, primary_entity_type, primary_entity_id, primary_entity_title, ip_address) VALUES (35013500000, '2026-03-06T22:39:19.783Z', 'VIEWED_PERSONAL_DASHBOARD', 'REPORT', 54713700008, 'Event # 240017', '3.30.99.168');
INSERT INTO usage_logs (user_id, usage_log_date_utc, action, primary_entity_type, primary_entity_id, primary_entity_title, ip_address) VALUES (35013500009, '2026-02-10T07:39:19.784Z', 'VIEWED_REPORT', 'REPORT', 54713700008, 'Event # 240017', '3.30.99.117');
INSERT INTO usage_logs (user_id, usage_log_date_utc, action, primary_entity_type, primary_entity_id, primary_entity_title, ip_address) VALUES (35013500009, '2026-01-05T11:39:19.784Z', 'VIEWED_PERSONAL_DASHBOARD', 'REPORT', 54713700008, 'Event # 240017', '3.30.99.213');
INSERT INTO usage_logs (user_id, usage_log_date_utc, action, primary_entity_type, primary_entity_id, primary_entity_title, ip_address) VALUES (35013421476, '2026-01-15T22:39:19.784Z', 'VIEWED_PERSONAL_DASHBOARD', 'REPORT', 54713700008, 'Event # 240017', '3.30.99.170');
INSERT INTO usage_logs (user_id, usage_log_date_utc, action, primary_entity_type, primary_entity_id, primary_entity_title, ip_address) VALUES (35013421476, '2026-01-26T12:39:19.785Z', 'VIEWED_PERSONAL_DASHBOARD', 'REPORT', 54713700008, 'Event # 240017', '3.30.99.142');
INSERT INTO usage_logs (user_id, usage_log_date_utc, action, primary_entity_type, primary_entity_id, primary_entity_title, ip_address) VALUES (35013500002, '2026-02-13T03:39:19.785Z', 'VIEWED_PERSONAL_DASHBOARD', 'REPORT', 54713700008, 'Event # 240017', '3.30.99.60');
INSERT INTO usage_logs (user_id, usage_log_date_utc, action, primary_entity_type, primary_entity_id, primary_entity_title, ip_address) VALUES (35013500005, '2026-01-10T20:39:19.785Z', 'VIEWED_PERSONAL_DASHBOARD', 'REPORT', 54713700008, 'Event # 240017', '3.30.99.137');
INSERT INTO usage_logs (user_id, usage_log_date_utc, action, primary_entity_type, primary_entity_id, primary_entity_title, ip_address) VALUES (35013500007, '2026-02-14T05:39:19.786Z', 'VIEWED_REPORT', 'REPORT', 54713700008, 'Event # 240017', '3.30.99.120');
INSERT INTO usage_logs (user_id, usage_log_date_utc, action, primary_entity_type, primary_entity_id, primary_entity_title, ip_address) VALUES (35013500008, '2026-03-13T07:39:19.786Z', 'VIEWED_PERSONAL_DASHBOARD', 'REPORT', 54713700008, 'Event # 240017', '3.30.99.111');
INSERT INTO usage_logs (user_id, usage_log_date_utc, action, primary_entity_type, primary_entity_id, primary_entity_title, ip_address) VALUES (35013500003, '2026-03-13T10:39:19.786Z', 'VIEWED_REPORT', 'REPORT', 54713700008, 'Event # 240017', '3.30.99.97');
INSERT INTO usage_logs (user_id, usage_log_date_utc, action, primary_entity_type, primary_entity_id, primary_entity_title, ip_address) VALUES (35013500005, '2026-01-28T04:39:19.786Z', 'VIEWED_PERSONAL_DASHBOARD', 'REPORT', 54713700008, 'Event # 240017', '3.30.99.216');
INSERT INTO usage_logs (user_id, usage_log_date_utc, action, primary_entity_type, primary_entity_id, primary_entity_title, ip_address) VALUES (35013500005, '2026-02-09T10:39:19.787Z', 'VIEWED_PERSONAL_DASHBOARD', 'REPORT', 54713700008, 'Event # 240017', '3.30.99.242');
INSERT INTO usage_logs (user_id, usage_log_date_utc, action, primary_entity_type, primary_entity_id, primary_entity_title, ip_address) VALUES (35013500003, '2026-01-13T02:39:19.787Z', 'VIEWED_REPORT', 'REPORT', 54713700008, 'Event # 240017', '3.30.99.148');
INSERT INTO usage_logs (user_id, usage_log_date_utc, action, primary_entity_type, primary_entity_id, primary_entity_title, ip_address) VALUES (35013500003, '2026-03-17T12:39:19.787Z', 'VIEWED_PERSONAL_DASHBOARD', 'REPORT', 54713700008, 'Event # 240017', '3.30.99.99');
INSERT INTO usage_logs (user_id, usage_log_date_utc, action, primary_entity_type, primary_entity_id, primary_entity_title, ip_address) VALUES (35013421476, '2025-12-27T10:39:19.788Z', 'VIEWED_PERSONAL_DASHBOARD', 'REPORT', 54713700008, 'Event # 240017', '3.30.99.147');
INSERT INTO usage_logs (user_id, usage_log_date_utc, action, primary_entity_type, primary_entity_id, primary_entity_title, ip_address) VALUES (35013475061, '2026-03-06T04:39:19.795Z', 'VIEWED_PERSONAL_DASHBOARD', 'REPORT', 54713700009, 'Report # 240018', '3.30.99.140');
INSERT INTO usage_logs (user_id, usage_log_date_utc, action, primary_entity_type, primary_entity_id, primary_entity_title, ip_address) VALUES (35013500000, '2026-01-26T16:39:19.795Z', 'VIEWED_PERSONAL_DASHBOARD', 'REPORT', 54713700009, 'Report # 240018', '3.30.99.83');
INSERT INTO usage_logs (user_id, usage_log_date_utc, action, primary_entity_type, primary_entity_id, primary_entity_title, ip_address) VALUES (35013500000, '2026-01-01T02:39:19.796Z', 'VIEWED_PERSONAL_DASHBOARD', 'REPORT', 54713700009, 'Report # 240018', '3.30.99.78');
INSERT INTO usage_logs (user_id, usage_log_date_utc, action, primary_entity_type, primary_entity_id, primary_entity_title, ip_address) VALUES (35013500009, '2026-01-09T03:39:19.796Z', 'VIEWED_REPORT', 'REPORT', 54713700009, 'Report # 240018', '3.30.99.6');
INSERT INTO usage_logs (user_id, usage_log_date_utc, action, primary_entity_type, primary_entity_id, primary_entity_title, ip_address) VALUES (35013500009, '2026-02-20T02:39:19.796Z', 'VIEWED_PERSONAL_DASHBOARD', 'REPORT', 54713700009, 'Report # 240018', '3.30.99.16');
INSERT INTO usage_logs (user_id, usage_log_date_utc, action, primary_entity_type, primary_entity_id, primary_entity_title, ip_address) VALUES (35013500004, '2026-01-08T06:39:19.796Z', 'VIEWED_PERSONAL_DASHBOARD', 'REPORT', 54713700009, 'Report # 240018', '3.30.99.185');
INSERT INTO usage_logs (user_id, usage_log_date_utc, action, primary_entity_type, primary_entity_id, primary_entity_title, ip_address) VALUES (35013500009, '2026-01-16T22:39:19.797Z', 'VIEWED_PERSONAL_DASHBOARD', 'REPORT', 54713700009, 'Report # 240018', '3.30.99.194');
INSERT INTO usage_logs (user_id, usage_log_date_utc, action, primary_entity_type, primary_entity_id, primary_entity_title, ip_address) VALUES (35013500009, '2026-01-12T14:39:19.797Z', 'VIEWED_PERSONAL_DASHBOARD', 'REPORT', 54713700009, 'Report # 240018', '3.30.99.183');
INSERT INTO usage_logs (user_id, usage_log_date_utc, action, primary_entity_type, primary_entity_id, primary_entity_title, ip_address) VALUES (35013500001, '2026-01-01T02:39:19.797Z', 'VIEWED_REPORT', 'REPORT', 54713700009, 'Report # 240018', '3.30.99.47');
INSERT INTO usage_logs (user_id, usage_log_date_utc, action, primary_entity_type, primary_entity_id, primary_entity_title, ip_address) VALUES (35013500004, '2025-12-23T10:39:19.798Z', 'VIEWED_PERSONAL_DASHBOARD', 'REPORT', 54713700009, 'Report # 240018', '3.30.99.32');

-- Report History Events (210 records)
INSERT INTO report_history_events (id, changed_by, timestamp_utc, history_event_type, history_event_category, primary_type, primary_id, primary_name) VALUES (55726533749, 35013475061, '2024-04-29T17:46:59.000Z', 'REPORT_STATUS', 'WORKFLOW', 'REPORT', 54713608189, 'Report');
INSERT INTO report_history_events (id, changed_by, timestamp_utc, history_event_type, history_event_category, primary_type, primary_id, primary_name) VALUES (55726560097, 35013421476, '2024-04-29T17:47:45.000Z', 'LABEL_CREATION', 'WORKFLOW', 'REPORT', 54713608189, 'Event # 240008');
INSERT INTO report_history_events (id, changed_by, timestamp_utc, history_event_type, history_event_category, primary_type, primary_id, primary_name) VALUES (55726560125, 35013421476, '2024-04-29T17:47:46.000Z', 'LABEL_CREATION', 'WORKFLOW', 'REPORT', 54713608189, 'Event # 240008');
INSERT INTO report_history_events (id, changed_by, timestamp_utc, history_event_type, history_event_category, primary_type, primary_id, primary_name) VALUES (55726579825, 35013475061, '2024-04-29T17:48:20.000Z', 'LABEL_DELETION', 'WORKFLOW', 'REPORT', 54713608189, 'Event # 240008');
INSERT INTO report_history_events (id, changed_by, timestamp_utc, history_event_type, history_event_category, primary_type, primary_id, primary_name) VALUES (55726579826, 35013475061, '2024-04-29T17:48:20.000Z', 'LABEL_DELETION', 'WORKFLOW', 'REPORT', 54713608189, 'Event # 240008');
INSERT INTO report_history_events (id, changed_by, timestamp_utc, history_event_type, history_event_category, primary_type, primary_id, primary_name) VALUES (55726580317, 35013475061, '2024-04-29T17:48:23.000Z', 'REPORT_STATUS', 'WORKFLOW', 'REPORT', 54713608189, 'Report');
INSERT INTO report_history_events (id, changed_by, timestamp_utc, history_event_type, history_event_category, primary_type, primary_id, primary_name) VALUES (55726604045, 35013475061, '2024-04-29T17:48:55.000Z', 'ENTITY_CREATION', 'CONTENT', 'PERSON_PROFILE', 55725027154, 'Jeff Smith');
INSERT INTO report_history_events (id, changed_by, timestamp_utc, history_event_type, history_event_category, primary_type, primary_id, primary_name) VALUES (55726631241, 35013475061, '2024-04-29T17:49:41.000Z', 'ENTITY_CREATION', 'CONTENT', 'ITEM_PROFILE', 55726631239, 'dfdf - Item ID 240008-2');
INSERT INTO report_history_events (id, changed_by, timestamp_utc, history_event_type, history_event_category, primary_type, primary_id, primary_name) VALUES (55726631250, 35013475061, '2024-04-29T17:49:41.000Z', 'ENTITY_CREATION', 'CONTENT', 'ITEM_PROFILE', 55726631239, 'dfdf - Item ID 240008-2');
INSERT INTO report_history_events (id, changed_by, timestamp_utc, history_event_type, history_event_category, primary_type, primary_id, primary_name) VALUES (55726631255, 35013475061, '2024-04-29T17:49:41.000Z', 'LINK_CREATION', 'CONTENT', 'REPORTING_EVENT', 54288160600, 'Event # 240008');
INSERT INTO report_history_events (id, changed_by, timestamp_utc, history_event_type, history_event_category, primary_type, primary_id, primary_name) VALUES (55726631590, 35013475061, '2024-04-29T17:49:42.000Z', 'LINK_CREATION', 'CONTENT', 'ITEM_PROFILE', 55726631239, 'dfdf - Item ID 240008-2');
INSERT INTO report_history_events (id, changed_by, timestamp_utc, history_event_type, history_event_category, primary_type, primary_id, primary_name) VALUES (55726639066, 35013475061, '2024-04-29T17:50:02.000Z', 'ENTITY_CREATION', 'CONTENT', 'ITEM_PROFILE', 55726639064, 'fdf - Item ID 240008-3');
INSERT INTO report_history_events (id, changed_by, timestamp_utc, history_event_type, history_event_category, primary_type, primary_id, primary_name) VALUES (55726639072, 35013475061, '2024-04-29T17:50:02.000Z', 'ENTITY_CREATION', 'CONTENT', 'ITEM_PROFILE', 55726639064, 'fdf - Item ID 240008-3');
INSERT INTO report_history_events (id, changed_by, timestamp_utc, history_event_type, history_event_category, primary_type, primary_id, primary_name) VALUES (55726639075, 35013475061, '2024-04-29T17:50:02.000Z', 'LINK_CREATION', 'CONTENT', 'REPORTING_EVENT', 54288160600, 'Event # 240008');
INSERT INTO report_history_events (id, changed_by, timestamp_utc, history_event_type, history_event_category, primary_type, primary_id, primary_name) VALUES (55726639176, 35013475061, '2024-04-29T17:50:02.000Z', 'LINK_CREATION', 'CONTENT', 'ITEM_PROFILE', 55726639064, 'fdf - Item ID 240008-3');
INSERT INTO report_history_events (id, changed_by, timestamp_utc, history_event_type, history_event_category, primary_type, primary_id, primary_name) VALUES (55726646220, 35013475061, '2024-04-29T17:50:17.000Z', 'REPORT_STATUS', 'WORKFLOW', 'REPORT', 54713608189, 'Report');
INSERT INTO report_history_events (id, changed_by, timestamp_utc, history_event_type, history_event_category, primary_type, primary_id, primary_name) VALUES (55726668228, 35013421476, '2024-04-29T17:50:56.000Z', 'LABEL_CREATION', 'WORKFLOW', 'REPORT', 54713608189, 'Event # 240008');
INSERT INTO report_history_events (id, changed_by, timestamp_utc, history_event_type, history_event_category, primary_type, primary_id, primary_name) VALUES (55726668243, 35013421476, '2024-04-29T17:50:56.000Z', 'LABEL_CREATION', 'WORKFLOW', 'REPORT', 54713608189, 'Event # 240008');
INSERT INTO report_history_events (id, changed_by, timestamp_utc, history_event_type, history_event_category, primary_type, primary_id, primary_name) VALUES (55726682623, 35013475061, '2024-04-29T17:51:26.000Z', 'LABEL_DELETION', 'WORKFLOW', 'REPORT', 54713608189, 'Event # 240008');
INSERT INTO report_history_events (id, changed_by, timestamp_utc, history_event_type, history_event_category, primary_type, primary_id, primary_name) VALUES (55726682624, 35013475061, '2024-04-29T17:51:26.000Z', 'LABEL_DELETION', 'WORKFLOW', 'REPORT', 54713608189, 'Event # 240008');
INSERT INTO report_history_events (id, changed_by, timestamp_utc, history_event_type, history_event_category, primary_type, primary_id, primary_name) VALUES (55728249922, 35013475061, '2024-04-29T20:40:09.000Z', 'FIELDS_CHANGED', 'CONTENT', 'ITEM_PROFILE', 55726639064, 'fdf - Item ID 240008-3');
INSERT INTO report_history_events (id, changed_by, timestamp_utc, history_event_type, history_event_category, primary_type, primary_id, primary_name) VALUES (55728249988, 35013475061, '2024-04-29T20:40:10.000Z', 'FIELDS_CHANGED', 'CONTENT', 'ITEM_PROFILE', 55726639064, 'fdf - Item ID 240008-3');
INSERT INTO report_history_events (id, changed_by, timestamp_utc, history_event_type, history_event_category, primary_type, primary_id, primary_name) VALUES (55728257371, 35013475061, '2024-04-29T20:41:02.000Z', 'ENTITY_CREATION', 'CONTENT', 'PERSON_PROFILE', 55725027154, 'Jeff Smith');
INSERT INTO report_history_events (id, changed_by, timestamp_utc, history_event_type, history_event_category, primary_type, primary_id, primary_name) VALUES (55728257372, 35013475061, '2024-04-29T20:41:02.000Z', 'ENTITY_DELETE', 'CONTENT', 'PERSON_PROFILE', 55725027154, 'Jeff Smith');
INSERT INTO report_history_events (id, changed_by, timestamp_utc, history_event_type, history_event_category, primary_type, primary_id, primary_name) VALUES (56277875463, 35013475061, '2024-05-22T19:25:52.000Z', 'ENTITY_CREATION', 'CONTENT', 'REPORTING_EVENT', 56073184558, 'Event # 240019');
INSERT INTO report_history_events (id, changed_by, timestamp_utc, history_event_type, history_event_category, primary_type, primary_id, primary_name) VALUES (56402484824, 35013475061, '2024-05-24T19:08:35.000Z', 'LINK_CREATION', 'CONTENT', 'REPORTING_EVENT', 56073184558, 'Event # 240019');
INSERT INTO report_history_events (id, changed_by, timestamp_utc, history_event_type, history_event_category, primary_type, primary_id, primary_name) VALUES (56402486782, 35013475061, '2024-05-24T19:08:50.000Z', 'ENTITY_CREATION', 'CONTENT', 'REPORT', 56402486782, 'Event # 240019');
INSERT INTO report_history_events (id, changed_by, timestamp_utc, history_event_type, history_event_category, primary_type, primary_id, primary_name) VALUES (56402486783, 35013475061, '2024-05-24T19:08:50.000Z', 'ENTITY_PERMISSION_CREATED', 'WORKFLOW', 'ROLE', 35013420756, 'Role: Department - fullwooddemo');
INSERT INTO report_history_events (id, changed_by, timestamp_utc, history_event_type, history_event_category, primary_type, primary_id, primary_name) VALUES (56402486784, 35013475061, '2024-05-24T19:08:50.000Z', 'ENTITY_PERMISSION_CREATED', 'WORKFLOW', 'ROLE', 35013421706, 'Role: Patrol Supervisor');
INSERT INTO report_history_events (id, changed_by, timestamp_utc, history_event_type, history_event_category, primary_type, primary_id, primary_name) VALUES (56402486785, 35013475061, '2024-05-24T19:08:50.000Z', 'ENTITY_PERMISSION_CREATED', 'WORKFLOW', 'ROLE', 35013475062, 'Role: brad.fullwood@mark43.com');
INSERT INTO report_history_events (id, changed_by, timestamp_utc, history_event_type, history_event_category, primary_type, primary_id, primary_name) VALUES (56402486786, 35013475061, '2024-05-24T19:08:50.000Z', 'ENTITY_PERMISSION_CREATED', 'WORKFLOW', 'ROLE', 35013421713, 'Role: Property/Evidence Supervisor');
INSERT INTO report_history_events (id, changed_by, timestamp_utc, history_event_type, history_event_category, primary_type, primary_id, primary_name) VALUES (56402486787, 35013475061, '2024-05-24T19:08:50.000Z', 'ENTITY_PERMISSION_CREATED', 'WORKFLOW', 'ROLE', 35013421710, 'Role: Property/Evidence');
INSERT INTO report_history_events (id, changed_by, timestamp_utc, history_event_type, history_event_category, primary_type, primary_id, primary_name) VALUES (56402486814, 35013475061, '2024-05-24T19:08:50.000Z', 'ENTITY_CREATION', 'CONTENT', 'ITEM_PROFILE', 56402486814, 'test - Item ID 240019-1');
INSERT INTO report_history_events (id, changed_by, timestamp_utc, history_event_type, history_event_category, primary_type, primary_id, primary_name) VALUES (56402486819, 35013475061, '2024-05-24T19:08:50.000Z', 'ENTITY_CREATION', 'CONTENT', 'ITEM_PROFILE', 56402486814, 'test - Item ID 240019-1');
INSERT INTO report_history_events (id, changed_by, timestamp_utc, history_event_type, history_event_category, primary_type, primary_id, primary_name) VALUES (56402486823, 35013475061, '2024-05-24T19:08:50.000Z', 'LINK_CREATION', 'CONTENT', 'ITEM_PROFILE', 56402486814, 'test - Item ID 240019-1');
INSERT INTO report_history_events (id, changed_by, timestamp_utc, history_event_type, history_event_category, primary_type, primary_id, primary_name) VALUES (56402486883, 35013475061, '2024-05-24T19:08:51.000Z', 'REPORT_STATUS', 'WORKFLOW', 'REPORT', 56402486782, 'Report');
INSERT INTO report_history_events (id, changed_by, timestamp_utc, history_event_type, history_event_category, primary_type, primary_id, primary_name) VALUES (56402486884, 35013475061, '2024-05-24T19:08:51.000Z', 'REPORT_STATUS', 'WORKFLOW', 'REPORT', 56402486782, 'Report');
INSERT INTO report_history_events (id, changed_by, timestamp_utc, history_event_type, history_event_category, primary_type, primary_id, primary_name) VALUES (56462188740, 35013475061, '2024-05-30T16:31:21.000Z', 'FIELDS_CHANGED', 'CONTENT', 'ITEM_PROFILE', 56402486814, 'test - Item ID 240019-1');
INSERT INTO report_history_events (id, changed_by, timestamp_utc, history_event_type, history_event_category, primary_type, primary_id, primary_name) VALUES (56462188741, 35013475061, '2024-05-30T16:31:21.000Z', 'FIELDS_CHANGED', 'CONTENT', 'ITEM_PROFILE', 56402486814, 'test - Item ID 240019-1');
INSERT INTO report_history_events (id, changed_by, timestamp_utc, history_event_type, history_event_category, primary_type, primary_id, primary_name) VALUES (56575338095, 35013475061, '2024-06-05T04:23:10.000Z', 'FIELDS_CHANGED', 'CONTENT', 'ITEM_PROFILE', 56402486814, 'test - Item ID 240019-1');
INSERT INTO report_history_events (id, changed_by, timestamp_utc, history_event_type, history_event_category, primary_type, primary_id, primary_name) VALUES (64398242765, 35013421476, '2025-06-08T14:42:07.000Z', 'REPORT_STATUS', 'WORKFLOW', 'REPORT', 54713608189, 'Report');
INSERT INTO report_history_events (id, changed_by, timestamp_utc, history_event_type, history_event_category, primary_type, primary_id, primary_name) VALUES (64399004562, 35013421476, '2025-06-08T14:54:55.000Z', 'REPORT_STATUS', 'WORKFLOW', 'REPORT', 54713608189, 'Report');
INSERT INTO report_history_events (id, changed_by, timestamp_utc, history_event_type, history_event_category, primary_type, primary_id, primary_name) VALUES (68691331875, 35013475061, '2026-02-24T22:29:00.000Z', 'FIELDS_CHANGED', 'CONTENT', 'REPORT', 62993433400, 'Event # 250007');
INSERT INTO report_history_events (id, changed_by, timestamp_utc, history_event_type, history_event_category, primary_type, primary_id, primary_name) VALUES (68691331877, 35013475061, '2026-02-24T22:29:01.000Z', 'FIELDS_CHANGED', 'CONTENT', 'REPORT', 62993433400, 'Event # 250007');
INSERT INTO report_history_events (id, changed_by, timestamp_utc, history_event_type, history_event_category, primary_type, primary_id, primary_name) VALUES (68691331878, 35013500000, '2026-02-12T15:35:40.030Z', 'ENTITY_CREATION', 'CONTENT', 'ITEM_PROFILE', 55726631239, 'dfdf - Item ID 240008-2');
INSERT INTO report_history_events (id, changed_by, timestamp_utc, history_event_type, history_event_category, primary_type, primary_id, primary_name) VALUES (68691331879, 35013500000, '2026-03-14T14:35:40.030Z', 'REPORT_STATUS', 'WORKFLOW', 'REPORT', 56402486782, 'Report');
INSERT INTO report_history_events (id, changed_by, timestamp_utc, history_event_type, history_event_category, primary_type, primary_id, primary_name) VALUES (68691331880, 35013500000, '2026-03-09T15:35:40.031Z', 'REPORT_STATUS', 'WORKFLOW', 'REPORT', 56402486782, 'Report');
INSERT INTO report_history_events (id, changed_by, timestamp_utc, history_event_type, history_event_category, primary_type, primary_id, primary_name) VALUES (68691331881, 35013500000, '2026-02-04T05:35:40.031Z', 'FIELDS_CHANGED', 'CONTENT', 'ITEM_PROFILE', 55726639064, 'fdf - Item ID 240008-3');
INSERT INTO report_history_events (id, changed_by, timestamp_utc, history_event_type, history_event_category, primary_type, primary_id, primary_name) VALUES (68691331882, 35013500000, '2026-02-03T06:35:40.032Z', 'ENTITY_DELETE', 'CONTENT', 'PERSON_PROFILE', 55725027154, 'Jeff Smith');
INSERT INTO report_history_events (id, changed_by, timestamp_utc, history_event_type, history_event_category, primary_type, primary_id, primary_name) VALUES (68691331883, 35013500000, '2026-02-18T10:35:40.032Z', 'ENTITY_PERMISSION_CREATED', 'WORKFLOW', 'ROLE', 35013420756, 'Role: Department - fullwooddemo');
INSERT INTO report_history_events (id, changed_by, timestamp_utc, history_event_type, history_event_category, primary_type, primary_id, primary_name) VALUES (68691331884, 35013500000, '2026-01-26T05:35:40.033Z', 'ENTITY_CREATION', 'CONTENT', 'ITEM_PROFILE', 55726639064, 'fdf - Item ID 240008-3');
INSERT INTO report_history_events (id, changed_by, timestamp_utc, history_event_type, history_event_category, primary_type, primary_id, primary_name) VALUES (68691331885, 35013500000, '2026-01-28T17:35:40.033Z', 'FIELDS_CHANGED', 'CONTENT', 'ITEM_PROFILE', 55726639064, 'fdf - Item ID 240008-3');
INSERT INTO report_history_events (id, changed_by, timestamp_utc, history_event_type, history_event_category, primary_type, primary_id, primary_name) VALUES (68691331886, 35013500000, '2026-03-09T07:35:40.034Z', 'LABEL_CREATION', 'WORKFLOW', 'REPORT', 54713608189, 'Event # 240008');
INSERT INTO report_history_events (id, changed_by, timestamp_utc, history_event_type, history_event_category, primary_type, primary_id, primary_name) VALUES (68691331887, 35013500000, '2026-03-10T17:35:40.034Z', 'LINK_CREATION', 'CONTENT', 'ITEM_PROFILE', 56402486814, 'test - Item ID 240019-1');
INSERT INTO report_history_events (id, changed_by, timestamp_utc, history_event_type, history_event_category, primary_type, primary_id, primary_name) VALUES (68691331888, 35013500001, '2026-02-06T19:35:40.038Z', 'REPORT_STATUS', 'WORKFLOW', 'REPORT', 56402486782, 'Report');
INSERT INTO report_history_events (id, changed_by, timestamp_utc, history_event_type, history_event_category, primary_type, primary_id, primary_name) VALUES (68691331889, 35013500001, '2026-02-14T02:35:40.039Z', 'ENTITY_PERMISSION_CREATED', 'WORKFLOW', 'ROLE', 35013421713, 'Role: Property/Evidence Supervisor');
INSERT INTO report_history_events (id, changed_by, timestamp_utc, history_event_type, history_event_category, primary_type, primary_id, primary_name) VALUES (68691331890, 35013500001, '2026-02-13T02:35:40.039Z', 'REPORT_STATUS', 'WORKFLOW', 'REPORT', 56402486782, 'Report');
INSERT INTO report_history_events (id, changed_by, timestamp_utc, history_event_type, history_event_category, primary_type, primary_id, primary_name) VALUES (68691331891, 35013500001, '2026-03-04T07:35:40.039Z', 'ENTITY_CREATION', 'CONTENT', 'REPORT', 56402486782, 'Event # 240019');
INSERT INTO report_history_events (id, changed_by, timestamp_utc, history_event_type, history_event_category, primary_type, primary_id, primary_name) VALUES (68691331892, 35013500001, '2026-01-22T20:35:40.040Z', 'LINK_CREATION', 'CONTENT', 'ITEM_PROFILE', 55726631239, 'dfdf - Item ID 240008-2');
INSERT INTO report_history_events (id, changed_by, timestamp_utc, history_event_type, history_event_category, primary_type, primary_id, primary_name) VALUES (68691331893, 35013500001, '2026-02-22T11:35:40.040Z', 'ENTITY_CREATION', 'CONTENT', 'ITEM_PROFILE', 56402486814, 'test - Item ID 240019-1');
INSERT INTO report_history_events (id, changed_by, timestamp_utc, history_event_type, history_event_category, primary_type, primary_id, primary_name) VALUES (68691331894, 35013500001, '2026-01-30T17:35:40.041Z', 'FIELDS_CHANGED', 'CONTENT', 'ITEM_PROFILE', 56402486814, 'test - Item ID 240019-1');
INSERT INTO report_history_events (id, changed_by, timestamp_utc, history_event_type, history_event_category, primary_type, primary_id, primary_name) VALUES (68691331895, 35013500001, '2026-03-01T19:35:40.041Z', 'ENTITY_CREATION', 'CONTENT', 'PERSON_PROFILE', 55725027154, 'Jeff Smith');
INSERT INTO report_history_events (id, changed_by, timestamp_utc, history_event_type, history_event_category, primary_type, primary_id, primary_name) VALUES (68691331896, 35013500001, '2026-03-15T15:35:40.042Z', 'ENTITY_CREATION', 'CONTENT', 'PERSON_PROFILE', 55725027154, 'Jeff Smith');
INSERT INTO report_history_events (id, changed_by, timestamp_utc, history_event_type, history_event_category, primary_type, primary_id, primary_name) VALUES (68691331897, 35013500002, '2026-02-08T23:35:40.045Z', 'ENTITY_CREATION', 'CONTENT', 'PERSON_PROFILE', 55725027154, 'Jeff Smith');
INSERT INTO report_history_events (id, changed_by, timestamp_utc, history_event_type, history_event_category, primary_type, primary_id, primary_name) VALUES (68691331898, 35013500002, '2026-02-16T16:35:40.045Z', 'LINK_CREATION', 'CONTENT', 'ITEM_PROFILE', 55726631239, 'dfdf - Item ID 240008-2');
INSERT INTO report_history_events (id, changed_by, timestamp_utc, history_event_type, history_event_category, primary_type, primary_id, primary_name) VALUES (68691331899, 35013500002, '2026-03-01T01:35:40.045Z', 'ENTITY_PERMISSION_CREATED', 'WORKFLOW', 'ROLE', 35013475062, 'Role: brad.fullwood@mark43.com');
INSERT INTO report_history_events (id, changed_by, timestamp_utc, history_event_type, history_event_category, primary_type, primary_id, primary_name) VALUES (68691331900, 35013500002, '2026-02-26T19:35:40.046Z', 'ENTITY_CREATION', 'CONTENT', 'REPORT', 56402486782, 'Event # 240019');
INSERT INTO report_history_events (id, changed_by, timestamp_utc, history_event_type, history_event_category, primary_type, primary_id, primary_name) VALUES (68691331901, 35013500002, '2026-01-29T12:35:40.046Z', 'LABEL_DELETION', 'WORKFLOW', 'REPORT', 54713608189, 'Event # 240008');
INSERT INTO report_history_events (id, changed_by, timestamp_utc, history_event_type, history_event_category, primary_type, primary_id, primary_name) VALUES (68691331902, 35013500002, '2026-03-14T21:35:40.047Z', 'ENTITY_PERMISSION_CREATED', 'WORKFLOW', 'ROLE', 35013420756, 'Role: Department - fullwooddemo');
INSERT INTO report_history_events (id, changed_by, timestamp_utc, history_event_type, history_event_category, primary_type, primary_id, primary_name) VALUES (68691331903, 35013500002, '2026-02-25T00:35:40.047Z', 'REPORT_STATUS', 'WORKFLOW', 'REPORT', 54713608189, 'Report');
INSERT INTO report_history_events (id, changed_by, timestamp_utc, history_event_type, history_event_category, primary_type, primary_id, primary_name) VALUES (68691331904, 35013500002, '2026-02-11T02:35:40.047Z', 'REPORT_STATUS', 'WORKFLOW', 'REPORT', 54713608189, 'Report');
INSERT INTO report_history_events (id, changed_by, timestamp_utc, history_event_type, history_event_category, primary_type, primary_id, primary_name) VALUES (68691331905, 35013500003, '2026-03-14T16:35:40.050Z', 'ENTITY_CREATION', 'CONTENT', 'PERSON_PROFILE', 55725027154, 'Jeff Smith');
INSERT INTO report_history_events (id, changed_by, timestamp_utc, history_event_type, history_event_category, primary_type, primary_id, primary_name) VALUES (68691331906, 35013500003, '2026-01-22T03:35:40.050Z', 'LABEL_DELETION', 'WORKFLOW', 'REPORT', 54713608189, 'Event # 240008');
INSERT INTO report_history_events (id, changed_by, timestamp_utc, history_event_type, history_event_category, primary_type, primary_id, primary_name) VALUES (68691331907, 35013500003, '2026-03-12T22:35:40.051Z', 'ENTITY_PERMISSION_CREATED', 'WORKFLOW', 'ROLE', 35013420756, 'Role: Department - fullwooddemo');
INSERT INTO report_history_events (id, changed_by, timestamp_utc, history_event_type, history_event_category, primary_type, primary_id, primary_name) VALUES (68691331908, 35013500003, '2026-02-04T04:35:40.051Z', 'ENTITY_CREATION', 'CONTENT', 'PERSON_PROFILE', 55725027154, 'Jeff Smith');
INSERT INTO report_history_events (id, changed_by, timestamp_utc, history_event_type, history_event_category, primary_type, primary_id, primary_name) VALUES (68691331909, 35013500003, '2026-03-01T21:35:40.051Z', 'FIELDS_CHANGED', 'CONTENT', 'REPORT', 62993433400, 'Event # 250007');
INSERT INTO report_history_events (id, changed_by, timestamp_utc, history_event_type, history_event_category, primary_type, primary_id, primary_name) VALUES (68691331910, 35013500003, '2026-01-30T08:35:40.052Z', 'ENTITY_CREATION', 'CONTENT', 'ITEM_PROFILE', 55726639064, 'fdf - Item ID 240008-3');
INSERT INTO report_history_events (id, changed_by, timestamp_utc, history_event_type, history_event_category, primary_type, primary_id, primary_name) VALUES (68691331911, 35013500004, '2026-02-16T08:35:40.056Z', 'LABEL_CREATION', 'WORKFLOW', 'REPORT', 54713608189, 'Event # 240008');
INSERT INTO report_history_events (id, changed_by, timestamp_utc, history_event_type, history_event_category, primary_type, primary_id, primary_name) VALUES (68691331912, 35013500004, '2026-03-13T06:35:40.056Z', 'ENTITY_PERMISSION_CREATED', 'WORKFLOW', 'ROLE', 35013420756, 'Role: Department - fullwooddemo');
INSERT INTO report_history_events (id, changed_by, timestamp_utc, history_event_type, history_event_category, primary_type, primary_id, primary_name) VALUES (68691331913, 35013500004, '2026-02-05T14:35:40.057Z', 'LINK_CREATION', 'CONTENT', 'ITEM_PROFILE', 56402486814, 'test - Item ID 240019-1');
INSERT INTO report_history_events (id, changed_by, timestamp_utc, history_event_type, history_event_category, primary_type, primary_id, primary_name) VALUES (68691331914, 35013500004, '2026-02-09T10:35:40.057Z', 'LABEL_CREATION', 'WORKFLOW', 'REPORT', 54713608189, 'Event # 240008');
INSERT INTO report_history_events (id, changed_by, timestamp_utc, history_event_type, history_event_category, primary_type, primary_id, primary_name) VALUES (68691331915, 35013500005, '2026-03-08T19:35:40.061Z', 'LABEL_CREATION', 'WORKFLOW', 'REPORT', 54713608189, 'Event # 240008');
INSERT INTO report_history_events (id, changed_by, timestamp_utc, history_event_type, history_event_category, primary_type, primary_id, primary_name) VALUES (68691331916, 35013500005, '2026-02-12T11:35:40.061Z', 'ENTITY_PERMISSION_CREATED', 'WORKFLOW', 'ROLE', 35013421710, 'Role: Property/Evidence');
INSERT INTO report_history_events (id, changed_by, timestamp_utc, history_event_type, history_event_category, primary_type, primary_id, primary_name) VALUES (68691331917, 35013500005, '2026-01-28T16:35:40.061Z', 'ENTITY_CREATION', 'CONTENT', 'ITEM_PROFILE', 55726639064, 'fdf - Item ID 240008-3');
INSERT INTO report_history_events (id, changed_by, timestamp_utc, history_event_type, history_event_category, primary_type, primary_id, primary_name) VALUES (68691331918, 35013500005, '2026-03-08T07:35:40.062Z', 'ENTITY_CREATION', 'CONTENT', 'PERSON_PROFILE', 55725027154, 'Jeff Smith');
INSERT INTO report_history_events (id, changed_by, timestamp_utc, history_event_type, history_event_category, primary_type, primary_id, primary_name) VALUES (68691331919, 35013500005, '2026-03-18T00:35:40.062Z', 'ENTITY_PERMISSION_CREATED', 'WORKFLOW', 'ROLE', 35013420756, 'Role: Department - fullwooddemo');
INSERT INTO report_history_events (id, changed_by, timestamp_utc, history_event_type, history_event_category, primary_type, primary_id, primary_name) VALUES (68691331920, 35013500005, '2026-03-01T13:35:40.062Z', 'ENTITY_PERMISSION_CREATED', 'WORKFLOW', 'ROLE', 35013475062, 'Role: brad.fullwood@mark43.com');
INSERT INTO report_history_events (id, changed_by, timestamp_utc, history_event_type, history_event_category, primary_type, primary_id, primary_name) VALUES (68691331921, 35013500005, '2026-02-03T16:35:40.062Z', 'LABEL_CREATION', 'WORKFLOW', 'REPORT', 54713608189, 'Event # 240008');
INSERT INTO report_history_events (id, changed_by, timestamp_utc, history_event_type, history_event_category, primary_type, primary_id, primary_name) VALUES (68691331922, 35013500005, '2026-03-12T11:35:40.063Z', 'LABEL_CREATION', 'WORKFLOW', 'REPORT', 54713608189, 'Event # 240008');
INSERT INTO report_history_events (id, changed_by, timestamp_utc, history_event_type, history_event_category, primary_type, primary_id, primary_name) VALUES (68691331923, 35013500005, '2026-03-06T16:35:40.063Z', 'REPORT_STATUS', 'WORKFLOW', 'REPORT', 54713608189, 'Report');
INSERT INTO report_history_events (id, changed_by, timestamp_utc, history_event_type, history_event_category, primary_type, primary_id, primary_name) VALUES (68691331924, 35013500005, '2026-02-05T00:35:40.064Z', 'LABEL_DELETION', 'WORKFLOW', 'REPORT', 54713608189, 'Event # 240008');
INSERT INTO report_history_events (id, changed_by, timestamp_utc, history_event_type, history_event_category, primary_type, primary_id, primary_name) VALUES (68691331925, 35013500006, '2026-03-08T11:35:40.068Z', 'ENTITY_CREATION', 'CONTENT', 'ITEM_PROFILE', 56402486814, 'test - Item ID 240019-1');
INSERT INTO report_history_events (id, changed_by, timestamp_utc, history_event_type, history_event_category, primary_type, primary_id, primary_name) VALUES (68691331926, 35013500006, '2026-03-06T17:35:40.068Z', 'LINK_CREATION', 'CONTENT', 'REPORTING_EVENT', 54288160600, 'Event # 240008');
INSERT INTO report_history_events (id, changed_by, timestamp_utc, history_event_type, history_event_category, primary_type, primary_id, primary_name) VALUES (68691331927, 35013500006, '2026-02-22T06:35:40.069Z', 'ENTITY_CREATION', 'CONTENT', 'ITEM_PROFILE', 56402486814, 'test - Item ID 240019-1');
INSERT INTO report_history_events (id, changed_by, timestamp_utc, history_event_type, history_event_category, primary_type, primary_id, primary_name) VALUES (68691331928, 35013500006, '2026-02-18T04:35:40.069Z', 'ENTITY_PERMISSION_CREATED', 'WORKFLOW', 'ROLE', 35013421710, 'Role: Property/Evidence');
INSERT INTO report_history_events (id, changed_by, timestamp_utc, history_event_type, history_event_category, primary_type, primary_id, primary_name) VALUES (68691331929, 35013500006, '2026-01-30T21:35:40.069Z', 'REPORT_STATUS', 'WORKFLOW', 'REPORT', 54713608189, 'Report');
INSERT INTO report_history_events (id, changed_by, timestamp_utc, history_event_type, history_event_category, primary_type, primary_id, primary_name) VALUES (68691331930, 35013500007, '2026-03-03T23:35:40.073Z', 'ENTITY_CREATION', 'CONTENT', 'ITEM_PROFILE', 55726639064, 'fdf - Item ID 240008-3');
INSERT INTO report_history_events (id, changed_by, timestamp_utc, history_event_type, history_event_category, primary_type, primary_id, primary_name) VALUES (68691331931, 35013500007, '2026-02-17T20:35:40.073Z', 'REPORT_STATUS', 'WORKFLOW', 'REPORT', 54713608189, 'Report');
INSERT INTO report_history_events (id, changed_by, timestamp_utc, history_event_type, history_event_category, primary_type, primary_id, primary_name) VALUES (68691331932, 35013500007, '2026-02-20T05:35:40.073Z', 'ENTITY_CREATION', 'CONTENT', 'ITEM_PROFILE', 55726631239, 'dfdf - Item ID 240008-2');
INSERT INTO report_history_events (id, changed_by, timestamp_utc, history_event_type, history_event_category, primary_type, primary_id, primary_name) VALUES (68691331933, 35013500007, '2026-03-05T17:35:40.073Z', 'REPORT_STATUS', 'WORKFLOW', 'REPORT', 54713608189, 'Report');
INSERT INTO report_history_events (id, changed_by, timestamp_utc, history_event_type, history_event_category, primary_type, primary_id, primary_name) VALUES (68691331934, 35013500007, '2026-02-28T19:35:40.074Z', 'ENTITY_CREATION', 'CONTENT', 'PERSON_PROFILE', 55725027154, 'Jeff Smith');
INSERT INTO report_history_events (id, changed_by, timestamp_utc, history_event_type, history_event_category, primary_type, primary_id, primary_name) VALUES (68691331935, 35013500007, '2026-02-20T02:35:40.074Z', 'ENTITY_CREATION', 'CONTENT', 'ITEM_PROFILE', 56402486814, 'test - Item ID 240019-1');
INSERT INTO report_history_events (id, changed_by, timestamp_utc, history_event_type, history_event_category, primary_type, primary_id, primary_name) VALUES (68691331936, 35013500007, '2026-02-21T05:35:40.075Z', 'LINK_CREATION', 'CONTENT', 'ITEM_PROFILE', 56402486814, 'test - Item ID 240019-1');
INSERT INTO report_history_events (id, changed_by, timestamp_utc, history_event_type, history_event_category, primary_type, primary_id, primary_name) VALUES (68691331937, 35013500007, '2026-01-24T12:35:40.075Z', 'REPORT_STATUS', 'WORKFLOW', 'REPORT', 54713608189, 'Report');
INSERT INTO report_history_events (id, changed_by, timestamp_utc, history_event_type, history_event_category, primary_type, primary_id, primary_name) VALUES (68691331938, 35013500008, '2026-03-16T03:35:40.078Z', 'REPORT_STATUS', 'WORKFLOW', 'REPORT', 54713608189, 'Report');
INSERT INTO report_history_events (id, changed_by, timestamp_utc, history_event_type, history_event_category, primary_type, primary_id, primary_name) VALUES (68691331939, 35013500008, '2026-01-27T08:35:40.078Z', 'ENTITY_CREATION', 'CONTENT', 'PERSON_PROFILE', 55725027154, 'Jeff Smith');
INSERT INTO report_history_events (id, changed_by, timestamp_utc, history_event_type, history_event_category, primary_type, primary_id, primary_name) VALUES (68691331940, 35013500008, '2026-03-15T11:35:40.079Z', 'ENTITY_PERMISSION_CREATED', 'WORKFLOW', 'ROLE', 35013421713, 'Role: Property/Evidence Supervisor');
INSERT INTO report_history_events (id, changed_by, timestamp_utc, history_event_type, history_event_category, primary_type, primary_id, primary_name) VALUES (68691331941, 35013500008, '2026-03-15T03:35:40.079Z', 'REPORT_STATUS', 'WORKFLOW', 'REPORT', 54713608189, 'Report');
INSERT INTO report_history_events (id, changed_by, timestamp_utc, history_event_type, history_event_category, primary_type, primary_id, primary_name) VALUES (68691331942, 35013500008, '2026-02-15T00:35:40.079Z', 'LINK_CREATION', 'CONTENT', 'ITEM_PROFILE', 55726631239, 'dfdf - Item ID 240008-2');
INSERT INTO report_history_events (id, changed_by, timestamp_utc, history_event_type, history_event_category, primary_type, primary_id, primary_name) VALUES (68691331943, 35013500008, '2026-03-03T02:35:40.079Z', 'REPORT_STATUS', 'WORKFLOW', 'REPORT', 54713608189, 'Report');
INSERT INTO report_history_events (id, changed_by, timestamp_utc, history_event_type, history_event_category, primary_type, primary_id, primary_name) VALUES (68691331944, 35013500009, '2026-02-08T08:35:40.084Z', 'REPORT_STATUS', 'WORKFLOW', 'REPORT', 54713608189, 'Report');
INSERT INTO report_history_events (id, changed_by, timestamp_utc, history_event_type, history_event_category, primary_type, primary_id, primary_name) VALUES (68691331945, 35013500009, '2026-03-01T18:35:40.084Z', 'ENTITY_CREATION', 'CONTENT', 'ITEM_PROFILE', 55726639064, 'fdf - Item ID 240008-3');
INSERT INTO report_history_events (id, changed_by, timestamp_utc, history_event_type, history_event_category, primary_type, primary_id, primary_name) VALUES (68691331946, 35013500009, '2026-01-29T15:35:40.085Z', 'ENTITY_CREATION', 'CONTENT', 'PERSON_PROFILE', 55725027154, 'Jeff Smith');
INSERT INTO report_history_events (id, changed_by, timestamp_utc, history_event_type, history_event_category, primary_type, primary_id, primary_name) VALUES (68691331947, 35013500002, '2026-03-04T02:39:19.684Z', 'FIELDS_CHANGED', 'CONTENT', 'REPORT', 54713700000, 'Event # 240009');
INSERT INTO report_history_events (id, changed_by, timestamp_utc, history_event_type, history_event_category, primary_type, primary_id, primary_name) VALUES (68691331948, 35013421476, '2026-03-05T18:39:19.685Z', 'LINK_CREATION', 'CONTENT', 'REPORT', 54713700000, 'Event # 240009');
INSERT INTO report_history_events (id, changed_by, timestamp_utc, history_event_type, history_event_category, primary_type, primary_id, primary_name) VALUES (68691331949, 35013500009, '2026-03-18T16:39:19.685Z', 'REPORT_STATUS', 'WORKFLOW', 'REPORT', 54713700000, 'Event # 240009');
INSERT INTO report_history_events (id, changed_by, timestamp_utc, history_event_type, history_event_category, primary_type, primary_id, primary_name) VALUES (68691331950, 35013500005, '2026-01-23T12:39:19.686Z', 'ENTITY_CREATION', 'CONTENT', 'REPORT', 54713700000, 'Event # 240009');
INSERT INTO report_history_events (id, changed_by, timestamp_utc, history_event_type, history_event_category, primary_type, primary_id, primary_name) VALUES (68691331951, 35013500005, '2026-02-02T09:39:19.688Z', 'ENTITY_CREATION', 'CONTENT', 'REPORT', 54713700000, 'Event # 240009');
INSERT INTO report_history_events (id, changed_by, timestamp_utc, history_event_type, history_event_category, primary_type, primary_id, primary_name) VALUES (68691331952, 35013500009, '2026-01-27T21:39:19.688Z', 'ENTITY_CREATION', 'CONTENT', 'REPORT', 54713700000, 'Event # 240009');
INSERT INTO report_history_events (id, changed_by, timestamp_utc, history_event_type, history_event_category, primary_type, primary_id, primary_name) VALUES (68691331953, 35013421476, '2026-03-07T17:39:19.689Z', 'ENTITY_PERMISSION_CREATED', 'WORKFLOW', 'REPORT', 54713700000, 'Event # 240009');
INSERT INTO report_history_events (id, changed_by, timestamp_utc, history_event_type, history_event_category, primary_type, primary_id, primary_name) VALUES (68691331954, 35013421476, '2026-01-20T12:39:19.698Z', 'REPORT_STATUS', 'WORKFLOW', 'REPORT', 54713700001, 'Event # 240010');
INSERT INTO report_history_events (id, changed_by, timestamp_utc, history_event_type, history_event_category, primary_type, primary_id, primary_name) VALUES (68691331955, 35013421476, '2026-03-10T00:39:19.698Z', 'ENTITY_CREATION', 'CONTENT', 'REPORT', 54713700001, 'Event # 240010');
INSERT INTO report_history_events (id, changed_by, timestamp_utc, history_event_type, history_event_category, primary_type, primary_id, primary_name) VALUES (68691331956, 35013421476, '2026-02-26T09:39:19.699Z', 'FIELDS_CHANGED', 'CONTENT', 'REPORT', 54713700001, 'Event # 240010');
INSERT INTO report_history_events (id, changed_by, timestamp_utc, history_event_type, history_event_category, primary_type, primary_id, primary_name) VALUES (68691331957, 35013500007, '2026-01-23T20:39:19.700Z', 'ENTITY_PERMISSION_CREATED', 'WORKFLOW', 'REPORT', 54713700001, 'Event # 240010');
INSERT INTO report_history_events (id, changed_by, timestamp_utc, history_event_type, history_event_category, primary_type, primary_id, primary_name) VALUES (68691331958, 35013500004, '2026-02-09T03:39:19.700Z', 'LINK_CREATION', 'CONTENT', 'REPORT', 54713700001, 'Event # 240010');
INSERT INTO report_history_events (id, changed_by, timestamp_utc, history_event_type, history_event_category, primary_type, primary_id, primary_name) VALUES (68691331959, 35013500004, '2026-02-12T09:39:19.701Z', 'LABEL_CREATION', 'WORKFLOW', 'REPORT', 54713700001, 'Event # 240010');
INSERT INTO report_history_events (id, changed_by, timestamp_utc, history_event_type, history_event_category, primary_type, primary_id, primary_name) VALUES (68691331960, 35013500009, '2026-03-04T00:39:19.701Z', 'FIELDS_CHANGED', 'CONTENT', 'REPORT', 54713700001, 'Event # 240010');
INSERT INTO report_history_events (id, changed_by, timestamp_utc, history_event_type, history_event_category, primary_type, primary_id, primary_name) VALUES (68691331961, 35013500005, '2026-02-13T21:39:19.703Z', 'ENTITY_CREATION', 'CONTENT', 'REPORT', 54713700001, 'Event # 240010');
INSERT INTO report_history_events (id, changed_by, timestamp_utc, history_event_type, history_event_category, primary_type, primary_id, primary_name) VALUES (68691331962, 35013500005, '2026-01-19T13:39:19.704Z', 'ENTITY_CREATION', 'CONTENT', 'REPORT', 54713700001, 'Event # 240010');
INSERT INTO report_history_events (id, changed_by, timestamp_utc, history_event_type, history_event_category, primary_type, primary_id, primary_name) VALUES (68691331963, 35013500002, '2026-02-07T03:39:19.704Z', 'LINK_CREATION', 'CONTENT', 'REPORT', 54713700001, 'Event # 240010');
INSERT INTO report_history_events (id, changed_by, timestamp_utc, history_event_type, history_event_category, primary_type, primary_id, primary_name) VALUES (68691331964, 35013500006, '2026-03-03T00:39:19.713Z', 'LABEL_CREATION', 'WORKFLOW', 'REPORT', 54713700002, 'Incident # 240011');
INSERT INTO report_history_events (id, changed_by, timestamp_utc, history_event_type, history_event_category, primary_type, primary_id, primary_name) VALUES (68691331965, 35013421476, '2026-03-11T18:39:19.714Z', 'ENTITY_CREATION', 'CONTENT', 'REPORT', 54713700002, 'Incident # 240011');
INSERT INTO report_history_events (id, changed_by, timestamp_utc, history_event_type, history_event_category, primary_type, primary_id, primary_name) VALUES (68691331966, 35013500003, '2026-02-06T13:39:19.715Z', 'FIELDS_CHANGED', 'CONTENT', 'REPORT', 54713700002, 'Incident # 240011');
INSERT INTO report_history_events (id, changed_by, timestamp_utc, history_event_type, history_event_category, primary_type, primary_id, primary_name) VALUES (68691331967, 35013500004, '2026-02-08T22:39:19.716Z', 'FIELDS_CHANGED', 'CONTENT', 'REPORT', 54713700002, 'Incident # 240011');
INSERT INTO report_history_events (id, changed_by, timestamp_utc, history_event_type, history_event_category, primary_type, primary_id, primary_name) VALUES (68691331968, 35013421476, '2026-01-25T13:39:19.717Z', 'LABEL_DELETION', 'WORKFLOW', 'REPORT', 54713700002, 'Incident # 240011');
INSERT INTO report_history_events (id, changed_by, timestamp_utc, history_event_type, history_event_category, primary_type, primary_id, primary_name) VALUES (68691331969, 35013500004, '2026-01-25T00:39:19.718Z', 'ENTITY_CREATION', 'CONTENT', 'REPORT', 54713700002, 'Incident # 240011');
INSERT INTO report_history_events (id, changed_by, timestamp_utc, history_event_type, history_event_category, primary_type, primary_id, primary_name) VALUES (68691331970, 35013500000, '2026-01-25T13:39:19.719Z', 'ENTITY_CREATION', 'CONTENT', 'REPORT', 54713700002, 'Incident # 240011');
INSERT INTO report_history_events (id, changed_by, timestamp_utc, history_event_type, history_event_category, primary_type, primary_id, primary_name) VALUES (68691331971, 35013500003, '2026-02-14T03:39:19.719Z', 'LINK_CREATION', 'CONTENT', 'REPORT', 54713700002, 'Incident # 240011');
INSERT INTO report_history_events (id, changed_by, timestamp_utc, history_event_type, history_event_category, primary_type, primary_id, primary_name) VALUES (68691331972, 35013500004, '2026-02-21T12:39:19.720Z', 'ENTITY_CREATION', 'CONTENT', 'REPORT', 54713700002, 'Incident # 240011');
INSERT INTO report_history_events (id, changed_by, timestamp_utc, history_event_type, history_event_category, primary_type, primary_id, primary_name) VALUES (68691331973, 35013500006, '2026-01-19T13:39:19.727Z', 'ENTITY_DELETE', 'CONTENT', 'REPORT', 54713700003, 'Case # 240012');
INSERT INTO report_history_events (id, changed_by, timestamp_utc, history_event_type, history_event_category, primary_type, primary_id, primary_name) VALUES (68691331974, 35013500007, '2026-02-09T12:39:19.727Z', 'ENTITY_CREATION', 'CONTENT', 'REPORT', 54713700003, 'Case # 240012');
INSERT INTO report_history_events (id, changed_by, timestamp_utc, history_event_type, history_event_category, primary_type, primary_id, primary_name) VALUES (68691331975, 35013500000, '2026-02-22T21:39:19.728Z', 'ENTITY_CREATION', 'CONTENT', 'REPORT', 54713700003, 'Case # 240012');
INSERT INTO report_history_events (id, changed_by, timestamp_utc, history_event_type, history_event_category, primary_type, primary_id, primary_name) VALUES (68691331976, 35013500002, '2026-02-02T00:39:19.729Z', 'LINK_CREATION', 'CONTENT', 'REPORT', 54713700003, 'Case # 240012');
INSERT INTO report_history_events (id, changed_by, timestamp_utc, history_event_type, history_event_category, primary_type, primary_id, primary_name) VALUES (68691331977, 35013500001, '2026-02-02T20:39:19.729Z', 'LINK_CREATION', 'CONTENT', 'REPORT', 54713700003, 'Case # 240012');
INSERT INTO report_history_events (id, changed_by, timestamp_utc, history_event_type, history_event_category, primary_type, primary_id, primary_name) VALUES (68691331978, 35013500003, '2026-01-28T17:39:19.730Z', 'LINK_CREATION', 'CONTENT', 'REPORT', 54713700003, 'Case # 240012');
INSERT INTO report_history_events (id, changed_by, timestamp_utc, history_event_type, history_event_category, primary_type, primary_id, primary_name) VALUES (68691331979, 35013500008, '2026-03-17T05:39:19.731Z', 'REPORT_STATUS', 'WORKFLOW', 'REPORT', 54713700003, 'Case # 240012');
INSERT INTO report_history_events (id, changed_by, timestamp_utc, history_event_type, history_event_category, primary_type, primary_id, primary_name) VALUES (68691331980, 35013475061, '2026-03-08T16:39:19.732Z', 'ENTITY_CREATION', 'CONTENT', 'REPORT', 54713700003, 'Case # 240012');
INSERT INTO report_history_events (id, changed_by, timestamp_utc, history_event_type, history_event_category, primary_type, primary_id, primary_name) VALUES (68691331981, 35013500005, '2026-02-25T23:39:19.732Z', 'LABEL_DELETION', 'WORKFLOW', 'REPORT', 54713700003, 'Case # 240012');
INSERT INTO report_history_events (id, changed_by, timestamp_utc, history_event_type, history_event_category, primary_type, primary_id, primary_name) VALUES (68691331982, 35013500008, '2026-02-27T22:39:19.733Z', 'ENTITY_CREATION', 'CONTENT', 'REPORT', 54713700003, 'Case # 240012');
INSERT INTO report_history_events (id, changed_by, timestamp_utc, history_event_type, history_event_category, primary_type, primary_id, primary_name) VALUES (68691331983, 35013475061, '2026-02-05T13:39:19.733Z', 'FIELDS_CHANGED', 'CONTENT', 'REPORT', 54713700003, 'Case # 240012');
INSERT INTO report_history_events (id, changed_by, timestamp_utc, history_event_type, history_event_category, primary_type, primary_id, primary_name) VALUES (68691331984, 35013421476, '2026-02-06T21:39:19.740Z', 'ENTITY_CREATION', 'CONTENT', 'REPORT', 54713700004, 'Report # 240013');
INSERT INTO report_history_events (id, changed_by, timestamp_utc, history_event_type, history_event_category, primary_type, primary_id, primary_name) VALUES (68691331985, 35013421476, '2026-02-05T04:39:19.740Z', 'ENTITY_CREATION', 'CONTENT', 'REPORT', 54713700004, 'Report # 240013');
INSERT INTO report_history_events (id, changed_by, timestamp_utc, history_event_type, history_event_category, primary_type, primary_id, primary_name) VALUES (68691331986, 35013500000, '2026-03-13T22:39:19.741Z', 'LABEL_DELETION', 'WORKFLOW', 'REPORT', 54713700004, 'Report # 240013');
INSERT INTO report_history_events (id, changed_by, timestamp_utc, history_event_type, history_event_category, primary_type, primary_id, primary_name) VALUES (68691331987, 35013500002, '2026-01-22T20:39:19.741Z', 'REPORT_STATUS', 'WORKFLOW', 'REPORT', 54713700004, 'Report # 240013');
INSERT INTO report_history_events (id, changed_by, timestamp_utc, history_event_type, history_event_category, primary_type, primary_id, primary_name) VALUES (68691331988, 35013500001, '2026-03-17T21:39:19.742Z', 'ENTITY_DELETE', 'CONTENT', 'REPORT', 54713700004, 'Report # 240013');
INSERT INTO report_history_events (id, changed_by, timestamp_utc, history_event_type, history_event_category, primary_type, primary_id, primary_name) VALUES (68691331989, 35013500000, '2026-03-04T09:39:19.742Z', 'ENTITY_CREATION', 'CONTENT', 'REPORT', 54713700004, 'Report # 240013');
INSERT INTO report_history_events (id, changed_by, timestamp_utc, history_event_type, history_event_category, primary_type, primary_id, primary_name) VALUES (68691331990, 35013421476, '2026-01-23T13:39:19.743Z', 'LABEL_CREATION', 'WORKFLOW', 'REPORT', 54713700004, 'Report # 240013');
INSERT INTO report_history_events (id, changed_by, timestamp_utc, history_event_type, history_event_category, primary_type, primary_id, primary_name) VALUES (68691331991, 35013500004, '2026-01-30T14:39:19.744Z', 'LABEL_CREATION', 'WORKFLOW', 'REPORT', 54713700004, 'Report # 240013');
INSERT INTO report_history_events (id, changed_by, timestamp_utc, history_event_type, history_event_category, primary_type, primary_id, primary_name) VALUES (68691331992, 35013500003, '2026-03-12T15:39:19.745Z', 'FIELDS_CHANGED', 'CONTENT', 'REPORT', 54713700004, 'Report # 240013');
INSERT INTO report_history_events (id, changed_by, timestamp_utc, history_event_type, history_event_category, primary_type, primary_id, primary_name) VALUES (68691331993, 35013475061, '2026-02-10T19:39:19.745Z', 'ENTITY_PERMISSION_CREATED', 'WORKFLOW', 'REPORT', 54713700004, 'Report # 240013');
INSERT INTO report_history_events (id, changed_by, timestamp_utc, history_event_type, history_event_category, primary_type, primary_id, primary_name) VALUES (68691331994, 35013475061, '2026-01-30T08:39:19.752Z', 'ENTITY_CREATION', 'CONTENT', 'REPORT', 54713700005, 'Event # 240014');
INSERT INTO report_history_events (id, changed_by, timestamp_utc, history_event_type, history_event_category, primary_type, primary_id, primary_name) VALUES (68691331995, 35013500007, '2026-03-20T01:39:19.753Z', 'ENTITY_CREATION', 'CONTENT', 'REPORT', 54713700005, 'Event # 240014');
INSERT INTO report_history_events (id, changed_by, timestamp_utc, history_event_type, history_event_category, primary_type, primary_id, primary_name) VALUES (68691331996, 35013475061, '2026-03-01T00:39:19.753Z', 'ENTITY_CREATION', 'CONTENT', 'REPORT', 54713700005, 'Event # 240014');
INSERT INTO report_history_events (id, changed_by, timestamp_utc, history_event_type, history_event_category, primary_type, primary_id, primary_name) VALUES (68691331997, 35013500007, '2026-03-04T01:39:19.754Z', 'LABEL_CREATION', 'WORKFLOW', 'REPORT', 54713700005, 'Event # 240014');
INSERT INTO report_history_events (id, changed_by, timestamp_utc, history_event_type, history_event_category, primary_type, primary_id, primary_name) VALUES (68691331998, 35013500006, '2026-02-03T16:39:19.755Z', 'ENTITY_CREATION', 'CONTENT', 'REPORT', 54713700005, 'Event # 240014');
INSERT INTO report_history_events (id, changed_by, timestamp_utc, history_event_type, history_event_category, primary_type, primary_id, primary_name) VALUES (68691331999, 35013475061, '2026-02-28T09:39:19.755Z', 'LABEL_CREATION', 'WORKFLOW', 'REPORT', 54713700005, 'Event # 240014');
INSERT INTO report_history_events (id, changed_by, timestamp_utc, history_event_type, history_event_category, primary_type, primary_id, primary_name) VALUES (68691332000, 35013500004, '2026-02-07T20:39:19.756Z', 'FIELDS_CHANGED', 'CONTENT', 'REPORT', 54713700005, 'Event # 240014');
INSERT INTO report_history_events (id, changed_by, timestamp_utc, history_event_type, history_event_category, primary_type, primary_id, primary_name) VALUES (68691332001, 35013500005, '2026-02-11T11:39:19.757Z', 'LABEL_CREATION', 'WORKFLOW', 'REPORT', 54713700005, 'Event # 240014');
INSERT INTO report_history_events (id, changed_by, timestamp_utc, history_event_type, history_event_category, primary_type, primary_id, primary_name) VALUES (68691332002, 35013500006, '2026-03-03T03:39:19.757Z', 'REPORT_STATUS', 'WORKFLOW', 'REPORT', 54713700005, 'Event # 240014');
INSERT INTO report_history_events (id, changed_by, timestamp_utc, history_event_type, history_event_category, primary_type, primary_id, primary_name) VALUES (68691332003, 35013500000, '2026-02-27T05:39:19.758Z', 'ENTITY_CREATION', 'CONTENT', 'REPORT', 54713700005, 'Event # 240014');
INSERT INTO report_history_events (id, changed_by, timestamp_utc, history_event_type, history_event_category, primary_type, primary_id, primary_name) VALUES (68691332004, 35013500000, '2026-03-04T07:39:19.764Z', 'REPORT_STATUS', 'WORKFLOW', 'REPORT', 54713700006, 'Incident # 240015');
INSERT INTO report_history_events (id, changed_by, timestamp_utc, history_event_type, history_event_category, primary_type, primary_id, primary_name) VALUES (68691332005, 35013500001, '2026-01-23T08:39:19.765Z', 'LABEL_DELETION', 'WORKFLOW', 'REPORT', 54713700006, 'Incident # 240015');
INSERT INTO report_history_events (id, changed_by, timestamp_utc, history_event_type, history_event_category, primary_type, primary_id, primary_name) VALUES (68691332006, 35013475061, '2026-03-19T11:39:19.765Z', 'REPORT_STATUS', 'WORKFLOW', 'REPORT', 54713700006, 'Incident # 240015');
INSERT INTO report_history_events (id, changed_by, timestamp_utc, history_event_type, history_event_category, primary_type, primary_id, primary_name) VALUES (68691332007, 35013500003, '2026-03-17T02:39:19.766Z', 'LINK_CREATION', 'CONTENT', 'REPORT', 54713700006, 'Incident # 240015');
INSERT INTO report_history_events (id, changed_by, timestamp_utc, history_event_type, history_event_category, primary_type, primary_id, primary_name) VALUES (68691332008, 35013500004, '2026-01-30T12:39:19.767Z', 'LABEL_DELETION', 'WORKFLOW', 'REPORT', 54713700006, 'Incident # 240015');
INSERT INTO report_history_events (id, changed_by, timestamp_utc, history_event_type, history_event_category, primary_type, primary_id, primary_name) VALUES (68691332009, 35013421476, '2026-02-13T23:39:19.767Z', 'LINK_CREATION', 'CONTENT', 'REPORT', 54713700006, 'Incident # 240015');
INSERT INTO report_history_events (id, changed_by, timestamp_utc, history_event_type, history_event_category, primary_type, primary_id, primary_name) VALUES (68691332010, 35013500003, '2026-01-25T14:39:19.772Z', 'ENTITY_DELETE', 'CONTENT', 'REPORT', 54713700007, 'Case # 240016');
INSERT INTO report_history_events (id, changed_by, timestamp_utc, history_event_type, history_event_category, primary_type, primary_id, primary_name) VALUES (68691332011, 35013500008, '2026-03-13T07:39:19.772Z', 'ENTITY_CREATION', 'CONTENT', 'REPORT', 54713700007, 'Case # 240016');
INSERT INTO report_history_events (id, changed_by, timestamp_utc, history_event_type, history_event_category, primary_type, primary_id, primary_name) VALUES (68691332012, 35013475061, '2026-02-14T19:39:19.773Z', 'ENTITY_CREATION', 'CONTENT', 'REPORT', 54713700007, 'Case # 240016');
INSERT INTO report_history_events (id, changed_by, timestamp_utc, history_event_type, history_event_category, primary_type, primary_id, primary_name) VALUES (68691332013, 35013500007, '2026-02-23T17:39:19.774Z', 'REPORT_STATUS', 'WORKFLOW', 'REPORT', 54713700007, 'Case # 240016');
INSERT INTO report_history_events (id, changed_by, timestamp_utc, history_event_type, history_event_category, primary_type, primary_id, primary_name) VALUES (68691332014, 35013500008, '2026-03-02T22:39:19.774Z', 'FIELDS_CHANGED', 'CONTENT', 'REPORT', 54713700007, 'Case # 240016');
INSERT INTO report_history_events (id, changed_by, timestamp_utc, history_event_type, history_event_category, primary_type, primary_id, primary_name) VALUES (68691332015, 35013500002, '2026-03-02T03:39:19.775Z', 'LINK_CREATION', 'CONTENT', 'REPORT', 54713700007, 'Case # 240016');
INSERT INTO report_history_events (id, changed_by, timestamp_utc, history_event_type, history_event_category, primary_type, primary_id, primary_name) VALUES (68691332016, 35013475061, '2026-03-15T20:39:19.776Z', 'LABEL_CREATION', 'WORKFLOW', 'REPORT', 54713700007, 'Case # 240016');
INSERT INTO report_history_events (id, changed_by, timestamp_utc, history_event_type, history_event_category, primary_type, primary_id, primary_name) VALUES (68691332017, 35013500005, '2026-01-23T00:39:19.777Z', 'ENTITY_CREATION', 'CONTENT', 'REPORT', 54713700007, 'Case # 240016');
INSERT INTO report_history_events (id, changed_by, timestamp_utc, history_event_type, history_event_category, primary_type, primary_id, primary_name) VALUES (68691332018, 35013500000, '2026-02-17T16:39:19.777Z', 'ENTITY_CREATION', 'CONTENT', 'REPORT', 54713700007, 'Case # 240016');
INSERT INTO report_history_events (id, changed_by, timestamp_utc, history_event_type, history_event_category, primary_type, primary_id, primary_name) VALUES (68691332019, 35013500009, '2026-03-07T04:39:19.777Z', 'LINK_CREATION', 'CONTENT', 'REPORT', 54713700007, 'Case # 240016');
INSERT INTO report_history_events (id, changed_by, timestamp_utc, history_event_type, history_event_category, primary_type, primary_id, primary_name) VALUES (68691332020, 35013500003, '2026-02-23T16:39:19.778Z', 'ENTITY_PERMISSION_CREATED', 'WORKFLOW', 'REPORT', 54713700007, 'Case # 240016');
INSERT INTO report_history_events (id, changed_by, timestamp_utc, history_event_type, history_event_category, primary_type, primary_id, primary_name) VALUES (68691332021, 35013500004, '2026-02-20T16:39:19.779Z', 'LABEL_DELETION', 'WORKFLOW', 'REPORT', 54713700007, 'Case # 240016');
INSERT INTO report_history_events (id, changed_by, timestamp_utc, history_event_type, history_event_category, primary_type, primary_id, primary_name) VALUES (68691332022, 35013500004, '2026-03-05T20:39:19.779Z', 'REPORT_STATUS', 'WORKFLOW', 'REPORT', 54713700007, 'Case # 240016');
INSERT INTO report_history_events (id, changed_by, timestamp_utc, history_event_type, history_event_category, primary_type, primary_id, primary_name) VALUES (68691332023, 35013500009, '2026-03-11T00:39:19.788Z', 'FIELDS_CHANGED', 'CONTENT', 'REPORT', 54713700008, 'Event # 240017');
INSERT INTO report_history_events (id, changed_by, timestamp_utc, history_event_type, history_event_category, primary_type, primary_id, primary_name) VALUES (68691332024, 35013500003, '2026-02-21T01:39:19.788Z', 'REPORT_STATUS', 'WORKFLOW', 'REPORT', 54713700008, 'Event # 240017');
INSERT INTO report_history_events (id, changed_by, timestamp_utc, history_event_type, history_event_category, primary_type, primary_id, primary_name) VALUES (68691332025, 35013500009, '2026-02-18T19:39:19.789Z', 'ENTITY_PERMISSION_CREATED', 'WORKFLOW', 'REPORT', 54713700008, 'Event # 240017');
INSERT INTO report_history_events (id, changed_by, timestamp_utc, history_event_type, history_event_category, primary_type, primary_id, primary_name) VALUES (68691332026, 35013421476, '2026-01-30T00:39:19.790Z', 'ENTITY_CREATION', 'CONTENT', 'REPORT', 54713700008, 'Event # 240017');
INSERT INTO report_history_events (id, changed_by, timestamp_utc, history_event_type, history_event_category, primary_type, primary_id, primary_name) VALUES (68691332027, 35013500000, '2026-03-07T23:39:19.790Z', 'REPORT_STATUS', 'WORKFLOW', 'REPORT', 54713700008, 'Event # 240017');
INSERT INTO report_history_events (id, changed_by, timestamp_utc, history_event_type, history_event_category, primary_type, primary_id, primary_name) VALUES (68691332028, 35013500004, '2026-03-16T00:39:19.791Z', 'LABEL_DELETION', 'WORKFLOW', 'REPORT', 54713700008, 'Event # 240017');
INSERT INTO report_history_events (id, changed_by, timestamp_utc, history_event_type, history_event_category, primary_type, primary_id, primary_name) VALUES (68691332029, 35013500001, '2026-03-10T01:39:19.792Z', 'LINK_CREATION', 'CONTENT', 'REPORT', 54713700008, 'Event # 240017');
INSERT INTO report_history_events (id, changed_by, timestamp_utc, history_event_type, history_event_category, primary_type, primary_id, primary_name) VALUES (68691332030, 35013500008, '2026-02-12T14:39:19.793Z', 'LINK_CREATION', 'CONTENT', 'REPORT', 54713700008, 'Event # 240017');
INSERT INTO report_history_events (id, changed_by, timestamp_utc, history_event_type, history_event_category, primary_type, primary_id, primary_name) VALUES (68691332031, 35013500005, '2026-01-26T14:39:19.798Z', 'FIELDS_CHANGED', 'CONTENT', 'REPORT', 54713700009, 'Report # 240018');
INSERT INTO report_history_events (id, changed_by, timestamp_utc, history_event_type, history_event_category, primary_type, primary_id, primary_name) VALUES (68691332032, 35013500005, '2026-01-26T20:39:19.799Z', 'FIELDS_CHANGED', 'CONTENT', 'REPORT', 54713700009, 'Report # 240018');
INSERT INTO report_history_events (id, changed_by, timestamp_utc, history_event_type, history_event_category, primary_type, primary_id, primary_name) VALUES (68691332033, 35013500006, '2026-03-12T17:39:19.800Z', 'LINK_CREATION', 'CONTENT', 'REPORT', 54713700009, 'Report # 240018');
INSERT INTO report_history_events (id, changed_by, timestamp_utc, history_event_type, history_event_category, primary_type, primary_id, primary_name) VALUES (68691332034, 35013500003, '2026-02-17T07:39:19.800Z', 'REPORT_STATUS', 'WORKFLOW', 'REPORT', 54713700009, 'Report # 240018');
INSERT INTO report_history_events (id, changed_by, timestamp_utc, history_event_type, history_event_category, primary_type, primary_id, primary_name) VALUES (68691332035, 35013500005, '2026-03-12T00:39:19.801Z', 'ENTITY_CREATION', 'CONTENT', 'REPORT', 54713700009, 'Report # 240018');
INSERT INTO report_history_events (id, changed_by, timestamp_utc, history_event_type, history_event_category, primary_type, primary_id, primary_name) VALUES (68691332036, 35013500007, '2026-01-23T04:39:19.802Z', 'ENTITY_CREATION', 'CONTENT', 'REPORT', 54713700009, 'Report # 240018');
INSERT INTO report_history_events (id, changed_by, timestamp_utc, history_event_type, history_event_category, primary_type, primary_id, primary_name) VALUES (68691332037, 35013500000, '2026-02-24T07:39:19.803Z', 'REPORT_STATUS', 'WORKFLOW', 'REPORT', 54713700009, 'Report # 240018');
INSERT INTO report_history_events (id, changed_by, timestamp_utc, history_event_type, history_event_category, primary_type, primary_id, primary_name) VALUES (68691332038, 35013500009, '2026-03-16T03:39:19.804Z', 'ENTITY_CREATION', 'CONTENT', 'REPORT', 54713700009, 'Report # 240018');
INSERT INTO report_history_events (id, changed_by, timestamp_utc, history_event_type, history_event_category, primary_type, primary_id, primary_name) VALUES (68691332039, 35013500002, '2026-03-08T00:39:19.805Z', 'ENTITY_PERMISSION_CREATED', 'WORKFLOW', 'REPORT', 54713700009, 'Report # 240018');
INSERT INTO report_history_events (id, changed_by, timestamp_utc, history_event_type, history_event_category, primary_type, primary_id, primary_name) VALUES (68691332040, 35013500006, '2026-02-28T09:39:19.805Z', 'ENTITY_PERMISSION_CREATED', 'WORKFLOW', 'REPORT', 54713700009, 'Report # 240018');
INSERT INTO report_history_events (id, changed_by, timestamp_utc, history_event_type, history_event_category, primary_type, primary_id, primary_name) VALUES (68691332041, 35013421476, '2026-03-01T01:39:19.806Z', 'FIELDS_CHANGED', 'CONTENT', 'REPORT', 54713700009, 'Report # 240018');
INSERT INTO report_history_events (id, changed_by, timestamp_utc, history_event_type, history_event_category, primary_type, primary_id, primary_name) VALUES (68691332042, 35013500003, '2026-02-11T13:39:19.806Z', 'ENTITY_PERMISSION_CREATED', 'WORKFLOW', 'REPORT', 54713700009, 'Report # 240018');
INSERT INTO report_history_events (id, changed_by, timestamp_utc, history_event_type, history_event_category, primary_type, primary_id, primary_name) VALUES (68691332043, 35013500004, '2026-03-11T20:39:19.807Z', 'REPORT_STATUS', 'WORKFLOW', 'REPORT', 54713700009, 'Report # 240018');

-- History Change Sets (192 records)
INSERT INTO history_change_sets (history_event_id, field_name, old_value, new_value) VALUES (68691331877, 'Longitude', NULL, '-85.899371');
INSERT INTO history_change_sets (history_event_id, field_name, old_value, new_value) VALUES (68691331877, 'Latitude', NULL, '31.051352');
INSERT INTO history_change_sets (history_event_id, field_name, old_value, new_value) VALUES (68691331875, 'Personnel Unit', '41235573999', '41235573998');
INSERT INTO history_change_sets (history_event_id, field_name, old_value, new_value) VALUES (55728249988, '', NULL, '33.391855');
INSERT INTO history_change_sets (history_event_id, field_name, old_value, new_value) VALUES (55728249988, '', NULL, '-111.865182');
INSERT INTO history_change_sets (history_event_id, field_name, old_value, new_value) VALUES (55728249922, 'Serial #', NULL, '343');
INSERT INTO history_change_sets (history_event_id, field_name, old_value, new_value) VALUES (55726682624, 'attributeId', '35013434003', NULL);
INSERT INTO history_change_sets (history_event_id, field_name, old_value, new_value) VALUES (55726682623, 'attributeId', '54604892827', NULL);
INSERT INTO history_change_sets (history_event_id, field_name, old_value, new_value) VALUES (55726668243, 'attributeId', NULL, '35013434003');
INSERT INTO history_change_sets (history_event_id, field_name, old_value, new_value) VALUES (55726668228, 'attributeId', NULL, '54604892827');
INSERT INTO history_change_sets (history_event_id, field_name, old_value, new_value) VALUES (55726639066, 'Description', NULL, 'fdf');
INSERT INTO history_change_sets (history_event_id, field_name, old_value, new_value) VALUES (55726631241, 'Description', NULL, 'dfdf');
INSERT INTO history_change_sets (history_event_id, field_name, old_value, new_value) VALUES (55726579826, 'attributeId', '35013434003', NULL);
INSERT INTO history_change_sets (history_event_id, field_name, old_value, new_value) VALUES (55726579825, 'attributeId', '54604892445', NULL);
INSERT INTO history_change_sets (history_event_id, field_name, old_value, new_value) VALUES (55726560125, 'attributeId', NULL, '35013434003');
INSERT INTO history_change_sets (history_event_id, field_name, old_value, new_value) VALUES (55726560097, 'attributeId', NULL, '54604892445');
INSERT INTO history_change_sets (history_event_id, field_name, old_value, new_value) VALUES (56575338095, 'Reason for Police Custody', '35013428967', '35013432141');
INSERT INTO history_change_sets (history_event_id, field_name, old_value, new_value) VALUES (56462188741, '', NULL, '33.391855');
INSERT INTO history_change_sets (history_event_id, field_name, old_value, new_value) VALUES (56462188741, '', NULL, '-111.865182');
INSERT INTO history_change_sets (history_event_id, field_name, old_value, new_value) VALUES (56462188740, 'Secondary Color', NULL, '35013429744');
INSERT INTO history_change_sets (history_event_id, field_name, old_value, new_value) VALUES (56462188740, 'Size', NULL, 'sizefield');
INSERT INTO history_change_sets (history_event_id, field_name, old_value, new_value) VALUES (56402486814, 'Description', NULL, 'test');
INSERT INTO history_change_sets (history_event_id, field_name, old_value, new_value) VALUES (68691331878, 'Description', NULL, 'dfdf');
INSERT INTO history_change_sets (history_event_id, field_name, old_value, new_value) VALUES (68691331881, '', NULL, '33.391855');
INSERT INTO history_change_sets (history_event_id, field_name, old_value, new_value) VALUES (68691331881, '', NULL, '-111.865182');
INSERT INTO history_change_sets (history_event_id, field_name, old_value, new_value) VALUES (68691331884, 'Description', NULL, 'fdf');
INSERT INTO history_change_sets (history_event_id, field_name, old_value, new_value) VALUES (68691331885, 'Serial #', NULL, '343');
INSERT INTO history_change_sets (history_event_id, field_name, old_value, new_value) VALUES (68691331886, 'attributeId', NULL, '35013434003');
INSERT INTO history_change_sets (history_event_id, field_name, old_value, new_value) VALUES (68691331893, 'Description', NULL, 'test');
INSERT INTO history_change_sets (history_event_id, field_name, old_value, new_value) VALUES (68691331894, '', NULL, '33.391855');
INSERT INTO history_change_sets (history_event_id, field_name, old_value, new_value) VALUES (68691331894, '', NULL, '-111.865182');
INSERT INTO history_change_sets (history_event_id, field_name, old_value, new_value) VALUES (68691331901, 'attributeId', '35013434003', NULL);
INSERT INTO history_change_sets (history_event_id, field_name, old_value, new_value) VALUES (68691331906, 'attributeId', '54604892827', NULL);
INSERT INTO history_change_sets (history_event_id, field_name, old_value, new_value) VALUES (68691331909, 'Personnel Unit', '41235573999', '41235573998');
INSERT INTO history_change_sets (history_event_id, field_name, old_value, new_value) VALUES (68691331911, 'attributeId', NULL, '54604892827');
INSERT INTO history_change_sets (history_event_id, field_name, old_value, new_value) VALUES (68691331914, 'attributeId', NULL, '35013434003');
INSERT INTO history_change_sets (history_event_id, field_name, old_value, new_value) VALUES (68691331915, 'attributeId', NULL, '35013434003');
INSERT INTO history_change_sets (history_event_id, field_name, old_value, new_value) VALUES (68691331921, 'attributeId', NULL, '54604892827');
INSERT INTO history_change_sets (history_event_id, field_name, old_value, new_value) VALUES (68691331922, 'attributeId', NULL, '35013434003');
INSERT INTO history_change_sets (history_event_id, field_name, old_value, new_value) VALUES (68691331924, 'attributeId', '54604892827', NULL);
INSERT INTO history_change_sets (history_event_id, field_name, old_value, new_value) VALUES (68691331925, 'Description', NULL, 'test');
INSERT INTO history_change_sets (history_event_id, field_name, old_value, new_value) VALUES (68691331935, 'Description', NULL, 'test');
INSERT INTO history_change_sets (history_event_id, field_name, old_value, new_value) VALUES (68691331945, 'Description', NULL, 'fdf');
INSERT INTO history_change_sets (history_event_id, field_name, old_value, new_value) VALUES (68691331947, 'attributeId', NULL, '35013434003');
INSERT INTO history_change_sets (history_event_id, field_name, old_value, new_value) VALUES (68691331949, '', NULL, '-111.865182');
INSERT INTO history_change_sets (history_event_id, field_name, old_value, new_value) VALUES (68691331949, '', NULL, '-111.865182');
INSERT INTO history_change_sets (history_event_id, field_name, old_value, new_value) VALUES (68691331949, 'Longitude', NULL, '-85.899371');
INSERT INTO history_change_sets (history_event_id, field_name, old_value, new_value) VALUES (68691331950, 'Personnel Unit', '41235573999', '41235573998');
INSERT INTO history_change_sets (history_event_id, field_name, old_value, new_value) VALUES (68691331950, 'Reason for Police Custody', '35013428967', '35013432141');
INSERT INTO history_change_sets (history_event_id, field_name, old_value, new_value) VALUES (68691331950, 'attributeId', NULL, '54604892827');
INSERT INTO history_change_sets (history_event_id, field_name, old_value, new_value) VALUES (68691331951, '', NULL, '-111.865182');
INSERT INTO history_change_sets (history_event_id, field_name, old_value, new_value) VALUES (68691331952, 'attributeId', '54604892827', NULL);
INSERT INTO history_change_sets (history_event_id, field_name, old_value, new_value) VALUES (68691331952, 'Personnel Unit', '41235573999', '41235573998');
INSERT INTO history_change_sets (history_event_id, field_name, old_value, new_value) VALUES (68691331953, 'Description', NULL, 'test');
INSERT INTO history_change_sets (history_event_id, field_name, old_value, new_value) VALUES (68691331953, 'Personnel Unit', '41235573999', '41235573998');
INSERT INTO history_change_sets (history_event_id, field_name, old_value, new_value) VALUES (68691331953, '', NULL, '33.391855');
INSERT INTO history_change_sets (history_event_id, field_name, old_value, new_value) VALUES (68691331954, 'Description', NULL, 'test');
INSERT INTO history_change_sets (history_event_id, field_name, old_value, new_value) VALUES (68691331955, 'Latitude', NULL, '31.051352');
INSERT INTO history_change_sets (history_event_id, field_name, old_value, new_value) VALUES (68691331955, 'attributeId', NULL, '35013434003');
INSERT INTO history_change_sets (history_event_id, field_name, old_value, new_value) VALUES (68691331956, 'Description', NULL, 'test');
INSERT INTO history_change_sets (history_event_id, field_name, old_value, new_value) VALUES (68691331956, 'Personnel Unit', '41235573999', '41235573998');
INSERT INTO history_change_sets (history_event_id, field_name, old_value, new_value) VALUES (68691331956, 'Description', NULL, 'test');
INSERT INTO history_change_sets (history_event_id, field_name, old_value, new_value) VALUES (68691331959, 'attributeId', NULL, '35013434003');
INSERT INTO history_change_sets (history_event_id, field_name, old_value, new_value) VALUES (68691331959, 'Description', NULL, 'test');
INSERT INTO history_change_sets (history_event_id, field_name, old_value, new_value) VALUES (68691331960, 'attributeId', NULL, '35013434003');
INSERT INTO history_change_sets (history_event_id, field_name, old_value, new_value) VALUES (68691331960, 'attributeId', '35013434003', NULL);
INSERT INTO history_change_sets (history_event_id, field_name, old_value, new_value) VALUES (68691331960, 'Secondary Color', NULL, '35013429744');
INSERT INTO history_change_sets (history_event_id, field_name, old_value, new_value) VALUES (68691331961, 'Description', NULL, 'test');
INSERT INTO history_change_sets (history_event_id, field_name, old_value, new_value) VALUES (68691331961, '', NULL, '-111.865182');
INSERT INTO history_change_sets (history_event_id, field_name, old_value, new_value) VALUES (68691331962, 'attributeId', '54604892445', NULL);
INSERT INTO history_change_sets (history_event_id, field_name, old_value, new_value) VALUES (68691331963, 'attributeId', NULL, '35013434003');
INSERT INTO history_change_sets (history_event_id, field_name, old_value, new_value) VALUES (68691331964, 'Description', NULL, 'dfdf');
INSERT INTO history_change_sets (history_event_id, field_name, old_value, new_value) VALUES (68691331964, 'Personnel Unit', '41235573999', '41235573998');
INSERT INTO history_change_sets (history_event_id, field_name, old_value, new_value) VALUES (68691331965, 'attributeId', '54604892827', NULL);
INSERT INTO history_change_sets (history_event_id, field_name, old_value, new_value) VALUES (68691331965, 'Description', NULL, 'fdf');
INSERT INTO history_change_sets (history_event_id, field_name, old_value, new_value) VALUES (68691331965, 'attributeId', NULL, '54604892827');
INSERT INTO history_change_sets (history_event_id, field_name, old_value, new_value) VALUES (68691331966, 'Description', NULL, 'dfdf');
INSERT INTO history_change_sets (history_event_id, field_name, old_value, new_value) VALUES (68691331967, '', NULL, '-111.865182');
INSERT INTO history_change_sets (history_event_id, field_name, old_value, new_value) VALUES (68691331967, 'attributeId', '54604892445', NULL);
INSERT INTO history_change_sets (history_event_id, field_name, old_value, new_value) VALUES (68691331967, 'Size', NULL, 'sizefield');
INSERT INTO history_change_sets (history_event_id, field_name, old_value, new_value) VALUES (68691331968, 'Description', NULL, 'test');
INSERT INTO history_change_sets (history_event_id, field_name, old_value, new_value) VALUES (68691331968, 'attributeId', NULL, '54604892827');
INSERT INTO history_change_sets (history_event_id, field_name, old_value, new_value) VALUES (68691331969, 'Secondary Color', NULL, '35013429744');
INSERT INTO history_change_sets (history_event_id, field_name, old_value, new_value) VALUES (68691331969, 'attributeId', '35013434003', NULL);
INSERT INTO history_change_sets (history_event_id, field_name, old_value, new_value) VALUES (68691331969, 'Size', NULL, 'sizefield');
INSERT INTO history_change_sets (history_event_id, field_name, old_value, new_value) VALUES (68691331970, 'Description', NULL, 'test');
INSERT INTO history_change_sets (history_event_id, field_name, old_value, new_value) VALUES (68691331971, 'Description', NULL, 'test');
INSERT INTO history_change_sets (history_event_id, field_name, old_value, new_value) VALUES (68691331972, 'attributeId', NULL, '54604892827');
INSERT INTO history_change_sets (history_event_id, field_name, old_value, new_value) VALUES (68691331972, 'Description', NULL, 'test');
INSERT INTO history_change_sets (history_event_id, field_name, old_value, new_value) VALUES (68691331974, '', NULL, '-111.865182');
INSERT INTO history_change_sets (history_event_id, field_name, old_value, new_value) VALUES (68691331974, 'Description', NULL, 'fdf');
INSERT INTO history_change_sets (history_event_id, field_name, old_value, new_value) VALUES (68691331975, '', NULL, '33.391855');
INSERT INTO history_change_sets (history_event_id, field_name, old_value, new_value) VALUES (68691331977, 'attributeId', NULL, '54604892445');
INSERT INTO history_change_sets (history_event_id, field_name, old_value, new_value) VALUES (68691331977, 'attributeId', '54604892827', NULL);
INSERT INTO history_change_sets (history_event_id, field_name, old_value, new_value) VALUES (68691331978, '', NULL, '-111.865182');
INSERT INTO history_change_sets (history_event_id, field_name, old_value, new_value) VALUES (68691331978, '', NULL, '33.391855');
INSERT INTO history_change_sets (history_event_id, field_name, old_value, new_value) VALUES (68691331979, '', NULL, '33.391855');
INSERT INTO history_change_sets (history_event_id, field_name, old_value, new_value) VALUES (68691331979, 'attributeId', '54604892445', NULL);
INSERT INTO history_change_sets (history_event_id, field_name, old_value, new_value) VALUES (68691331979, 'attributeId', NULL, '35013434003');
INSERT INTO history_change_sets (history_event_id, field_name, old_value, new_value) VALUES (68691331980, 'Serial #', NULL, '343');
INSERT INTO history_change_sets (history_event_id, field_name, old_value, new_value) VALUES (68691331980, 'attributeId', '35013434003', NULL);
INSERT INTO history_change_sets (history_event_id, field_name, old_value, new_value) VALUES (68691331981, '', NULL, '33.391855');
INSERT INTO history_change_sets (history_event_id, field_name, old_value, new_value) VALUES (68691331983, 'Personnel Unit', '41235573999', '41235573998');
INSERT INTO history_change_sets (history_event_id, field_name, old_value, new_value) VALUES (68691331983, 'Longitude', NULL, '-85.899371');
INSERT INTO history_change_sets (history_event_id, field_name, old_value, new_value) VALUES (68691331984, '', NULL, '-111.865182');
INSERT INTO history_change_sets (history_event_id, field_name, old_value, new_value) VALUES (68691331985, 'Latitude', NULL, '31.051352');
INSERT INTO history_change_sets (history_event_id, field_name, old_value, new_value) VALUES (68691331985, 'Personnel Unit', '41235573999', '41235573998');
INSERT INTO history_change_sets (history_event_id, field_name, old_value, new_value) VALUES (68691331988, 'Latitude', NULL, '31.051352');
INSERT INTO history_change_sets (history_event_id, field_name, old_value, new_value) VALUES (68691331989, 'attributeId', NULL, '35013434003');
INSERT INTO history_change_sets (history_event_id, field_name, old_value, new_value) VALUES (68691331989, 'Size', NULL, 'sizefield');
INSERT INTO history_change_sets (history_event_id, field_name, old_value, new_value) VALUES (68691331989, 'attributeId', '54604892827', NULL);
INSERT INTO history_change_sets (history_event_id, field_name, old_value, new_value) VALUES (68691331991, 'attributeId', NULL, '54604892445');
INSERT INTO history_change_sets (history_event_id, field_name, old_value, new_value) VALUES (68691331991, 'attributeId', NULL, '35013434003');
INSERT INTO history_change_sets (history_event_id, field_name, old_value, new_value) VALUES (68691331991, '', NULL, '-111.865182');
INSERT INTO history_change_sets (history_event_id, field_name, old_value, new_value) VALUES (68691331994, 'attributeId', NULL, '54604892827');
INSERT INTO history_change_sets (history_event_id, field_name, old_value, new_value) VALUES (68691331994, 'attributeId', NULL, '35013434003');
INSERT INTO history_change_sets (history_event_id, field_name, old_value, new_value) VALUES (68691331995, 'Description', NULL, 'test');
INSERT INTO history_change_sets (history_event_id, field_name, old_value, new_value) VALUES (68691331997, 'attributeId', NULL, '54604892827');
INSERT INTO history_change_sets (history_event_id, field_name, old_value, new_value) VALUES (68691331997, 'attributeId', NULL, '35013434003');
INSERT INTO history_change_sets (history_event_id, field_name, old_value, new_value) VALUES (68691331999, 'Description', NULL, 'dfdf');
INSERT INTO history_change_sets (history_event_id, field_name, old_value, new_value) VALUES (68691331999, 'Description', NULL, 'test');
INSERT INTO history_change_sets (history_event_id, field_name, old_value, new_value) VALUES (68691331999, 'attributeId', '54604892827', NULL);
INSERT INTO history_change_sets (history_event_id, field_name, old_value, new_value) VALUES (68691332000, '', NULL, '-111.865182');
INSERT INTO history_change_sets (history_event_id, field_name, old_value, new_value) VALUES (68691332000, 'attributeId', NULL, '54604892827');
INSERT INTO history_change_sets (history_event_id, field_name, old_value, new_value) VALUES (68691332002, 'Description', NULL, 'fdf');
INSERT INTO history_change_sets (history_event_id, field_name, old_value, new_value) VALUES (68691332003, 'Description', NULL, 'fdf');
INSERT INTO history_change_sets (history_event_id, field_name, old_value, new_value) VALUES (68691332003, 'attributeId', NULL, '54604892827');
INSERT INTO history_change_sets (history_event_id, field_name, old_value, new_value) VALUES (68691332003, 'Description', NULL, 'fdf');
INSERT INTO history_change_sets (history_event_id, field_name, old_value, new_value) VALUES (68691332004, 'Description', NULL, 'test');
INSERT INTO history_change_sets (history_event_id, field_name, old_value, new_value) VALUES (68691332006, 'Description', NULL, 'dfdf');
INSERT INTO history_change_sets (history_event_id, field_name, old_value, new_value) VALUES (68691332006, 'Longitude', NULL, '-85.899371');
INSERT INTO history_change_sets (history_event_id, field_name, old_value, new_value) VALUES (68691332007, 'attributeId', NULL, '54604892827');
INSERT INTO history_change_sets (history_event_id, field_name, old_value, new_value) VALUES (68691332008, 'Size', NULL, 'sizefield');
INSERT INTO history_change_sets (history_event_id, field_name, old_value, new_value) VALUES (68691332010, 'attributeId', NULL, '35013434003');
INSERT INTO history_change_sets (history_event_id, field_name, old_value, new_value) VALUES (68691332012, 'Description', NULL, 'test');
INSERT INTO history_change_sets (history_event_id, field_name, old_value, new_value) VALUES (68691332012, 'attributeId', '54604892827', NULL);
INSERT INTO history_change_sets (history_event_id, field_name, old_value, new_value) VALUES (68691332012, 'attributeId', NULL, '35013434003');
INSERT INTO history_change_sets (history_event_id, field_name, old_value, new_value) VALUES (68691332013, 'attributeId', '54604892827', NULL);
INSERT INTO history_change_sets (history_event_id, field_name, old_value, new_value) VALUES (68691332014, '', NULL, '33.391855');
INSERT INTO history_change_sets (history_event_id, field_name, old_value, new_value) VALUES (68691332014, 'attributeId', '35013434003', NULL);
INSERT INTO history_change_sets (history_event_id, field_name, old_value, new_value) VALUES (68691332015, 'Description', NULL, 'test');
INSERT INTO history_change_sets (history_event_id, field_name, old_value, new_value) VALUES (68691332015, 'attributeId', NULL, '35013434003');
INSERT INTO history_change_sets (history_event_id, field_name, old_value, new_value) VALUES (68691332015, '', NULL, '33.391855');
INSERT INTO history_change_sets (history_event_id, field_name, old_value, new_value) VALUES (68691332019, 'Personnel Unit', '41235573999', '41235573998');
INSERT INTO history_change_sets (history_event_id, field_name, old_value, new_value) VALUES (68691332019, '', NULL, '-111.865182');
INSERT INTO history_change_sets (history_event_id, field_name, old_value, new_value) VALUES (68691332019, '', NULL, '33.391855');
INSERT INTO history_change_sets (history_event_id, field_name, old_value, new_value) VALUES (68691332020, 'attributeId', NULL, '54604892445');
INSERT INTO history_change_sets (history_event_id, field_name, old_value, new_value) VALUES (68691332021, 'attributeId', '54604892827', NULL);
INSERT INTO history_change_sets (history_event_id, field_name, old_value, new_value) VALUES (68691332022, 'Description', NULL, 'fdf');
INSERT INTO history_change_sets (history_event_id, field_name, old_value, new_value) VALUES (68691332022, 'attributeId', NULL, '35013434003');
INSERT INTO history_change_sets (history_event_id, field_name, old_value, new_value) VALUES (68691332023, 'attributeId', NULL, '54604892827');
INSERT INTO history_change_sets (history_event_id, field_name, old_value, new_value) VALUES (68691332025, '', NULL, '33.391855');
INSERT INTO history_change_sets (history_event_id, field_name, old_value, new_value) VALUES (68691332025, 'Personnel Unit', '41235573999', '41235573998');
INSERT INTO history_change_sets (history_event_id, field_name, old_value, new_value) VALUES (68691332025, 'attributeId', '54604892827', NULL);
INSERT INTO history_change_sets (history_event_id, field_name, old_value, new_value) VALUES (68691332027, 'attributeId', '35013434003', NULL);
INSERT INTO history_change_sets (history_event_id, field_name, old_value, new_value) VALUES (68691332027, '', NULL, '33.391855');
INSERT INTO history_change_sets (history_event_id, field_name, old_value, new_value) VALUES (68691332027, '', NULL, '33.391855');
INSERT INTO history_change_sets (history_event_id, field_name, old_value, new_value) VALUES (68691332028, 'Description', NULL, 'dfdf');
INSERT INTO history_change_sets (history_event_id, field_name, old_value, new_value) VALUES (68691332028, 'Description', NULL, 'test');
INSERT INTO history_change_sets (history_event_id, field_name, old_value, new_value) VALUES (68691332029, 'attributeId', NULL, '54604892827');
INSERT INTO history_change_sets (history_event_id, field_name, old_value, new_value) VALUES (68691332029, 'Serial #', NULL, '343');
INSERT INTO history_change_sets (history_event_id, field_name, old_value, new_value) VALUES (68691332029, 'Description', NULL, 'dfdf');
INSERT INTO history_change_sets (history_event_id, field_name, old_value, new_value) VALUES (68691332030, 'attributeId', NULL, '35013434003');
INSERT INTO history_change_sets (history_event_id, field_name, old_value, new_value) VALUES (68691332030, 'Description', NULL, 'test');
INSERT INTO history_change_sets (history_event_id, field_name, old_value, new_value) VALUES (68691332030, 'Secondary Color', NULL, '35013429744');
INSERT INTO history_change_sets (history_event_id, field_name, old_value, new_value) VALUES (68691332031, 'Longitude', NULL, '-85.899371');
INSERT INTO history_change_sets (history_event_id, field_name, old_value, new_value) VALUES (68691332031, 'attributeId', NULL, '54604892445');
INSERT INTO history_change_sets (history_event_id, field_name, old_value, new_value) VALUES (68691332031, 'attributeId', NULL, '54604892827');
INSERT INTO history_change_sets (history_event_id, field_name, old_value, new_value) VALUES (68691332032, 'Longitude', NULL, '-85.899371');
INSERT INTO history_change_sets (history_event_id, field_name, old_value, new_value) VALUES (68691332032, 'Description', NULL, 'fdf');
INSERT INTO history_change_sets (history_event_id, field_name, old_value, new_value) VALUES (68691332033, 'attributeId', '54604892827', NULL);
INSERT INTO history_change_sets (history_event_id, field_name, old_value, new_value) VALUES (68691332034, 'Description', NULL, 'test');
INSERT INTO history_change_sets (history_event_id, field_name, old_value, new_value) VALUES (68691332034, 'Secondary Color', NULL, '35013429744');
INSERT INTO history_change_sets (history_event_id, field_name, old_value, new_value) VALUES (68691332034, 'Latitude', NULL, '31.051352');
INSERT INTO history_change_sets (history_event_id, field_name, old_value, new_value) VALUES (68691332035, 'attributeId', NULL, '54604892827');
INSERT INTO history_change_sets (history_event_id, field_name, old_value, new_value) VALUES (68691332035, 'Description', NULL, 'fdf');
INSERT INTO history_change_sets (history_event_id, field_name, old_value, new_value) VALUES (68691332036, 'Longitude', NULL, '-85.899371');
INSERT INTO history_change_sets (history_event_id, field_name, old_value, new_value) VALUES (68691332036, 'attributeId', NULL, '35013434003');
INSERT INTO history_change_sets (history_event_id, field_name, old_value, new_value) VALUES (68691332036, 'attributeId', NULL, '35013434003');
INSERT INTO history_change_sets (history_event_id, field_name, old_value, new_value) VALUES (68691332037, '', NULL, '-111.865182');
INSERT INTO history_change_sets (history_event_id, field_name, old_value, new_value) VALUES (68691332038, 'attributeId', NULL, '35013434003');
INSERT INTO history_change_sets (history_event_id, field_name, old_value, new_value) VALUES (68691332038, 'attributeId', '35013434003', NULL);
INSERT INTO history_change_sets (history_event_id, field_name, old_value, new_value) VALUES (68691332038, 'attributeId', NULL, '35013434003');
INSERT INTO history_change_sets (history_event_id, field_name, old_value, new_value) VALUES (68691332039, 'Description', NULL, 'test');
INSERT INTO history_change_sets (history_event_id, field_name, old_value, new_value) VALUES (68691332040, 'attributeId', NULL, '54604892445');
INSERT INTO history_change_sets (history_event_id, field_name, old_value, new_value) VALUES (68691332040, 'Personnel Unit', '41235573999', '41235573998');
INSERT INTO history_change_sets (history_event_id, field_name, old_value, new_value) VALUES (68691332041, 'Description', NULL, 'test');
INSERT INTO history_change_sets (history_event_id, field_name, old_value, new_value) VALUES (68691332042, 'Secondary Color', NULL, '35013429744');
INSERT INTO history_change_sets (history_event_id, field_name, old_value, new_value) VALUES (68691332042, 'attributeId', NULL, '35013434003');
INSERT INTO history_change_sets (history_event_id, field_name, old_value, new_value) VALUES (68691332043, 'attributeId', '54604892827', NULL);
INSERT INTO history_change_sets (history_event_id, field_name, old_value, new_value) VALUES (68691332043, 'attributeId', '54604892445', NULL);
INSERT INTO history_change_sets (history_event_id, field_name, old_value, new_value) VALUES (68691332043, 'attributeId', '35013434003', NULL);
